Seed,Day,Difficulty,Ammo_Casings,Ammo_Lead,Ammo_Powder,Ammo_Crafted,Ammo_Fired,Ammo_Stock,Tooling_Lathe,Tooling_Press,Tooling_Bench,Radio_Decrypted,Radio_Triangulated,Social_PrivacyFatigue_Avg,Social_Disputes,Excavation_MethanePPM,Excavation_ShoringPermille,Excavation_CaveIns
42,1,Abundant,109,152,81,0,8,72,1.000,1.000,1.000,0,0,80,2,222,960,0
42,2,Abundant,115,154,83,0,5,67,1.000,1.000,1.000,0,0,160,3,123,918,0
42,3,Abundant,121,157,85,0,6,61,1.000,1.000,1.000,0,0,240,4,29,889,0
42,4,Abundant,128,159,87,0,8,53,1.000,1.000,1.000,0,0,320,4,0,864,0
42,5,Abundant,132,162,88,20,5,68,1.000,0.997,1.000,0,0,400,6,0,822,0
42,6,Abundant,138,167,89,0,6,62,1.000,0.997,1.000,0,0,480,7,0,783,0
42,7,Abundant,143,169,90,0,5,57,1.000,0.997,1.000,0,0,560,8,0,748,0
42,8,Abundant,151,172,92,0,7,50,1.000,0.997,1.000,0,0,640,9,0,711,0
42,9,Abundant,155,173,93,20,6,64,1.000,0.994,1.000,0,0,666,10,0,676,0
42,10,Abundant,162,175,95,0,8,56,1.000,0.994,1.000,0,0,666,11,0,656,0
42,11,Abundant,167,179,96,0,4,52,1.000,0.994,1.000,0,0,666,13,0,628,0
42,12,Abundant,171,181,96,20,6,66,1.000,0.991,1.000,0,0,666,13,0,983,0
42,13,Abundant,178,183,97,0,7,59,1.000,0.991,1.000,0,0,666,14,0,952,0
42,14,Abundant,186,186,99,0,9,50,1.000,0.991,1.000,0,0,666,15,0,932,0
42,15,Abundant,192,187,100,20,5,65,1.000,0.988,1.000,0,0,666,17,0,904,0
42,16,Abundant,201,189,101,0,9,56,1.000,0.988,1.000,0,0,666,17,0,857,0
42,17,Abundant,208,191,102,20,7,69,1.000,0.985,1.000,0,0,666,18,0,832,0
42,18,Abundant,212,194,104,0,4,65,1.000,0.985,1.000,0,0,666,19,0,810,0
42,19,Abundant,216,198,105,0,4,61,1.000,0.985,1.000,0,0,666,21,0,781,0
42,20,Abundant,223,201,107,0,9,52,1.000,0.985,1.000,0,0,666,21,0,756,0
42,21,Abundant,230,201,108,20,7,65,1.000,0.982,1.000,0,0,666,22,0,718,0
42,22,Abundant,238,203,109,0,9,56,1.000,0.982,1.000,0,0,666,23,0,676,0
42,23,Abundant,245,206,109,20,7,69,1.000,0.979,1.000,0,0,666,25,0,640,0
42,24,Abundant,251,210,110,0,6,63,1.000,0.979,1.000,0,0,666,25,0,607,0
42,25,Abundant,256,215,111,0,4,59,1.000,0.979,1.000,0,0,666,26,0,982,0
42,26,Abundant,262,217,112,0,7,52,1.000,0.979,1.000,0,0,666,27,0,941,0
42,27,Abundant,267,217,113,20,6,66,1.000,0.976,1.000,0,0,666,29,0,911,0
42,28,Abundant,273,221,115,0,6,60,1.000,0.976,1.000,0,0,666,29,0,878,0
42,29,Abundant,279,226,116,0,5,55,1.000,0.976,1.000,0,0,666,31,0,838,0
42,30,Abundant,285,229,117,20,9,66,1.000,0.973,1.000,0,0,666,31,0,813,0
42,31,Abundant,291,234,119,0,4,62,1.000,0.973,1.000,0,0,666,33,0,772,0
42,32,Abundant,299,236,121,0,8,54,1.000,0.973,1.000,0,0,666,34,0,726,0
42,33,Abundant,305,238,122,20,7,67,1.000,0.970,1.000,0,0,666,35,0,678,0
42,34,Abundant,310,243,123,0,5,62,1.000,0.970,1.000,0,0,666,35,0,657,0
42,35,Abundant,317,246,125,0,8,54,1.000,0.970,1.000,0,0,666,37,0,635,0
42,36,Abundant,324,249,125,20,9,65,1.000,0.967,1.000,0,0,666,38,0,615,0
42,37,Abundant,332,253,126,0,9,56,1.000,0.967,1.000,0,0,666,39,0,979,0
42,38,Abundant,337,256,127,20,7,69,1.000,0.964,1.000,0,0,666,40,0,946,0
42,39,Abundant,342,261,128,0,5,64,1.000,0.964,1.000,0,0,666,41,0,908,0
42,40,Abundant,351,266,129,0,8,56,1.000,0.964,1.000,0,0,666,42,0,863,0
42,41,Abundant,357,267,129,20,7,69,1.000,0.961,1.000,0,0,666,44,0,815,0
42,42,Abundant,364,271,130,0,9,60,1.000,0.961,1.000,0,0,666,44,0,778,0
42,43,Abundant,371,273,132,0,7,53,1.000,0.961,1.000,0,0,666,45,0,755,0
42,44,Abundant,376,276,132,20,7,66,1.000,0.958,1.000,0,0,666,46,0,727,0
42,45,Abundant,385,279,134,0,8,58,1.000,0.958,1.000,0,0,666,48,0,680,0
42,46,Abundant,393,283,136,0,8,50,1.000,0.958,1.000,0,0,666,48,0,637,0
42,47,Abundant,398,284,137,20,7,63,1.000,0.955,1.000,0,0,666,49,0,601,0
42,48,Abundant,405,287,139,0,6,57,1.000,0.955,1.000,0,0,666,50,0,976,0
42,49,Abundant,411,289,141,0,6,51,1.000,0.955,1.000,0,0,666,52,0,944,0
42,50,Abundant,417,290,142,20,8,63,1.000,0.952,1.000,0,0,666,52,0,921,0
42,51,Abundant,425,295,144,0,9,54,1.000,0.952,1.000,0,0,666,54,0,901,0
42,52,Abundant,430,299,146,0,4,50,1.000,0.952,1.000,0,0,666,54,0,862,0
42,53,Abundant,435,301,147,20,4,66,1.000,0.949,1.000,0,0,666,56,0,836,0
42,54,Abundant,443,303,148,0,9,57,1.000,0.949,1.000,0,0,666,57,0,810,0
42,55,Abundant,450,308,149,0,5,52,1.000,0.949,1.000,0,0,666,58,0,789,0
42,56,Abundant,457,308,149,20,8,64,1.000,0.946,1.000,0,0,666,58,0,749,0
42,57,Abundant,463,312,151,0,6,58,1.000,0.946,1.000,0,0,666,60,0,715,0
42,58,Abundant,469,317,153,0,4,54,1.000,0.946,1.000,0,0,666,61,0,666,0
42,59,Abundant,477,320,154,20,8,66,1.000,0.943,1.000,0,0,666,62,0,620,0
42,60,Abundant,484,323,156,0,6,60,1.000,0.943,1.000,0,0,666,63,0,977,0
42,61,Abundant,492,328,158,0,9,51,1.000,0.943,1.000,0,0,666,64,0,936,0
42,62,Abundant,499,328,159,20,9,62,1.000,0.940,1.000,0,0,666,65,0,910,0
42,63,Abundant,506,332,161,0,8,54,1.000,0.940,1.000,0,0,666,67,0,882,0
42,64,Abundant,512,332,161,20,8,66,1.000,0.937,1.000,0,0,666,67,0,855,0
42,65,Abundant,517,337,162,0,5,61,1.000,0.937,1.000,0,0,666,68,0,808,0
42,66,Abundant,524,342,164,0,6,55,1.000,0.937,1.000,0,0,666,69,0,772,0
42,67,Abundant,532,345,164,20,8,67,1.000,0.934,1.000,0,0,666,71,0,732,0
42,68,Abundant,539,348,166,0,6,61,1.000,0.934,1.000,0,0,666,71,0,704,0
42,69,Abundant,545,351,168,0,4,57,1.000,0.934,1.000,0,0,666,72,0,664,0
42,70,Abundant,549,354,170,0,4,53,1.000,0.934,1.000,0,0,666,73,0,620,0
42,71,Abundant,554,357,170,20,5,68,1.000,0.931,1.000,0,0,666,75,0,971,0
42,72,Abundant,559,360,172,0,6,62,1.000,0.931,1.000,0,0,666,75,0,933,0
42,73,Abundant,565,364,173,0,4,58,1.000,0.931,1.000,0,0,666,77,0,911,0
42,74,Abundant,573,366,175,0,8,50,1.000,0.931,1.000,0,0,666,77,0,877,0
42,75,Abundant,578,368,175,20,5,65,1.000,0.928,1.000,0,0,666,79,0,849,0
42,76,Abundant,584,372,176,0,6,59,1.000,0.928,1.000,0,0,666,80,0,821,0
42,77,Abundant,589,374,177,0,6,53,1.000,0.928,1.000,0,0,666,81,0,800,0
42,78,Abundant,594,374,177,20,4,69,1.000,0.925,1.000,0,0,666,81,0,756,0
42,79,Abundant,602,378,179,0,9,60,1.000,0.925,1.000,0,0,666,83,0,733,0
42,80,Abundant,609,380,180,0,5,55,1.000,0.925,1.000,0,0,666,84,0,690,0
42,81,Abundant,613,380,180,20,6,69,1.000,0.922,1.000,0,0,666,85,0,650,0
42,82,Abundant,618,384,182,0,6,63,1.000,0.922,1.000,0,0,666,85,0,621,0
42,83,Abundant,626,386,184,0,9,54,1.000,0.922,1.000,0,0,666,87,0,974,0
42,84,Abundant,632,387,185,20,5,69,1.000,0.919,1.000,0,0,666,88,0,948,0
42,85,Abundant,639,389,186,0,8,61,1.000,0.919,1.000,0,0,666,89,0,911,0
42,86,Abundant,646,391,188,0,6,55,1.000,0.919,1.000,0,0,666,89,0,870,0
42,87,Abundant,650,391,189,20,6,69,1.000,0.916,1.000,0,0,666,91,0,850,0
42,88,Abundant,655,393,191,0,5,64,1.000,0.916,1.000,0,0,666,92,0,807,0
42,89,Abundant,661,396,193,0,4,60,1.000,0.916,1.000,0,0,666,93,0,765,0
42,90,Abundant,668,399,195,0,7,53,1.000,0.916,1.000,0,0,666,94,0,739,0
42,91,Abundant,676,399,195,20,8,65,1.000,0.913,1.000,0,0,666,95,0,703,0
42,92,Abundant,680,404,197,0,4,61,1.000,0.913,1.000,0,0,666,96,0,654,0
42,93,Abundant,687,408,198,0,5,56,1.000,0.913,1.000,0,0,666,98,0,605,0
42,94,Abundant,695,411,198,20,8,68,1.000,0.910,1.000,0,0,666,98,0,964,0
42,95,Abundant,701,413,200,0,5,63,1.000,0.910,1.000,0,0,666,99,0,929,0
42,96,Abundant,706,417,202,0,6,57,1.000,0.910,1.000,0,0,666,100,0,894,0
42,97,Abundant,713,419,204,0,7,50,1.000,0.910,1.000,0,0,666,102,0,853,0
42,98,Abundant,718,422,204,20,4,66,1.000,0.907,1.000,0,0,666,102,0,819,0
42,99,Abundant,724,427,206,0,7,59,1.000,0.907,1.000,0,0,666,104,0,777,0
42,100,Abundant,733,429,207,0,8,51,1.000,0.907,1.000,0,0,666,104,0,742,0
42,1,Standard Survival,48,60,30,20,8,42,1.000,0.995,1.000,0,0,80,2,222,960,0
42,2,Standard Survival,53,60,31,20,5,57,1.000,0.990,1.000,0,0,160,3,123,918,0
42,3,Standard Survival,59,63,33,0,6,51,1.000,0.990,1.000,0,0,240,4,29,889,0
42,4,Standard Survival,65,63,34,20,8,63,1.000,0.985,1.000,0,0,320,4,0,864,0
42,5,Standard Survival,70,68,36,0,5,58,1.000,0.985,1.000,0,0,400,6,0,822,0
42,6,Standard Survival,76,73,37,0,6,52,1.000,0.985,1.000,0,0,480,7,0,783,0
42,7,Standard Survival,80,73,37,20,5,67,1.000,0.980,1.000,0,0,560,8,0,748,0
42,8,Standard Survival,88,76,39,0,7,60,1.000,0.980,1.000,0,0,640,9,0,711,0
42,9,Standard Survival,93,79,41,0,6,54,1.000,0.980,1.000,0,0,666,10,0,676,0
42,10,Standard Survival,99,79,42,20,8,66,1.000,0.975,1.000,0,0,666,11,0,656,0
42,11,Standard Survival,104,83,43,0,4,62,1.000,0.975,1.000,0,0,666,13,0,628,0
42,12,Standard Survival,109,87,44,0,6,56,1.000,0.975,1.000,0,0,666,13,0,983,0
42,13,Standard Survival,115,87,44,20,7,69,1.000,0.970,1.000,0,0,666,14,0,952,0
42,14,Standard Survival,123,90,46,0,9,60,1.000,0.970,1.000,0,0,666,15,0,932,0
42,15,Standard Survival,130,93,48,0,5,55,1.000,0.970,1.000,0,0,666,17,0,904,0
42,16,Standard Survival,138,93,48,20,9,66,1.000,0.965,1.000,0,0,666,17,0,857,0
42,17,Standard Survival,146,97,50,0,7,59,1.000,0.965,1.000,0,0,666,18,0,832,0
42,18,Standard Survival,150,100,52,0,4,55,1.000,0.965,1.000,0,0,666,19,0,810,0
42,19,Standard Survival,154,104,53,0,4,51,1.000,0.965,1.000,0,0,666,21,0,781,0
42,20,Standard Survival,160,105,54,20,9,62,1.000,0.960,1.000,0,0,666,21,0,756,0
42,21,Standard Survival,168,107,56,0,7,55,1.000,0.960,1.000,0,0,666,22,0,718,0
42,22,Standard Survival,175,107,56,20,9,66,1.000,0.955,1.000,0,0,666,23,0,676,0
42,23,Standard Survival,183,112,57,0,7,59,1.000,0.955,1.000,0,0,666,25,0,640,0
42,24,Standard Survival,189,116,58,0,6,53,1.000,0.955,1.000,0,0,666,25,0,607,0
42,25,Standard Survival,193,119,58,20,4,69,1.000,0.950,1.000,0,0,666,26,0,982,0
42,26,Standard Survival,199,121,59,0,7,62,1.000,0.950,1.000,0,0,666,27,0,941,0
42,27,Standard Survival,205,123,61,0,6,56,1.000,0.950,1.000,0,0,666,29,0,911,0
42,28,Standard Survival,211,127,63,0,6,50,1.000,0.950,1.000,0,0,666,29,0,878,0
42,29,Standard Survival,216,130,63,20,5,65,1.000,0.945,1.000,0,0,666,31,0,838,0
42,30,Standard Survival,223,135,65,0,9,56,1.000,0.945,1.000,0,0,666,31,0,813,0
42,31,Standard Survival,229,140,67,0,4,52,1.000,0.945,1.000,0,0,666,33,0,772,0
42,32,Standard Survival,236,140,68,20,8,64,1.000,0.940,1.000,0,0,666,34,0,726,0
42,33,Standard Survival,243,144,70,0,7,57,1.000,0.940,1.000,0,0,666,35,0,678,0
42,34,Standard Survival,248,149,71,0,5,52,1.000,0.940,1.000,0,0,666,35,0,657,0
42,35,Standard Survival,254,150,72,20,8,64,1.000,0.935,1.000,0,0,666,37,0,635,0
42,36,Standard Survival,262,155,73,0,9,55,1.000,0.935,1.000,0,0,666,38,0,615,0
42,37,Standard Survival,269,157,73,20,9,66,1.000,0.930,1.000,0,0,666,39,0,979,0
42,38,Standard Survival,275,162,75,0,7,59,1.000,0.930,1.000,0,0,666,40,0,946,0
42,39,Standard Survival,280,167,76,0,5,54,1.000,0.930,1.000,0,0,666,41,0,908,0
42,40,Standard Survival,288,170,76,20,8,66,1.000,0.925,1.000,0,0,666,42,0,863,0
42,41,Standard Survival,295,173,77,0,7,59,1.000,0.925,1.000,0,0,666,44,0,815,0
42,42,Standard Survival,302,177,78,0,9,50,1.000,0.925,1.000,0,0,666,44,0,778,0
42,43,Standard Survival,308,177,79,20,7,63,1.000,0.920,1.000,0,0,666,45,0,755,0
42,44,Standard Survival,314,182,80,0,7,56,1.000,0.920,1.000,0,0,666,46,0,727,0
42,45,Standard Survival,322,183,81,20,8,68,1.000,0.915,1.000,0,0,666,48,0,680,0
42,46,Standard Survival,330,187,83,0,8,60,1.000,0.915,1.000,0,0,666,48,0,637,0
42,47,Standard Survival,336,190,85,0,7,53,1.000,0.915,1.000,0,0,666,49,0,601,0
42,48,Standard Survival,342,191,86,20,6,67,1.000,0.910,1.000,0,0,666,50,0,976,0
42,49,Standard Survival,348,193,88,0,6,61,1.000,0.910,1.000,0,0,666,52,0,944,0
42,50,Standard Survival,355,196,90,0,8,53,1.000,0.910,1.000,0,0,666,52,0,921,0
42,51,Standard Survival,362,199,91,20,9,64,1.000,0.905,1.000,0,0,666,54,0,901,0
42,52,Standard Survival,367,203,93,0,4,60,1.000,0.905,1.000,0,0,666,54,0,862,0
42,53,Standard Survival,373,207,95,0,4,56,1.000,0.905,1.000,0,0,666,56,0,836,0
42,54,Standard Survival,380,207,95,20,9,67,1.000,0.900,1.000,0,0,666,57,0,810,0
42,55,Standard Survival,387,212,96,0,5,62,1.000,0.900,1.000,0,0,666,58,0,789,0
42,56,Standard Survival,395,214,97,0,8,54,1.000,0.900,1.000,0,0,666,58,0,749,0
42,57,Standard Survival,400,216,98,20,6,68,1.000,0.895,1.000,0,0,666,60,0,715,0
42,58,Standard Survival,406,221,100,0,4,64,1.000,0.895,1.000,0,0,666,61,0,666,0
42,59,Standard Survival,415,226,102,0,8,56,1.000,0.895,1.000,0,0,666,62,0,620,0
42,60,Standard Survival,422,229,104,0,6,50,1.000,0.895,1.000,0,0,666,63,0,977,0
42,61,Standard Survival,429,232,105,20,9,61,1.000,0.890,1.000,0,0,666,64,0,936,0
42,62,Standard Survival,437,234,107,0,9,52,1.000,0.890,1.000,0,0,666,65,0,910,0
42,63,Standard Survival,443,236,108,20,8,64,1.000,0.885,1.000,0,0,666,67,0,882,0
42,64,Standard Survival,450,238,109,0,8,56,1.000,0.885,1.000,0,0,666,67,0,855,0
42,65,Standard Survival,455,243,110,0,5,51,1.000,0.885,1.000,0,0,666,68,0,808,0
42,66,Standard Survival,461,246,111,20,6,65,1.000,0.880,1.000,0,0,666,69,0,772,0
42,67,Standard Survival,470,251,112,0,8,57,1.000,0.880,1.000,0,0,666,71,0,732,0
42,68,Standard Survival,477,254,114,0,6,51,1.000,0.880,1.000,0,0,666,71,0,704,0
42,69,Standard Survival,482,255,115,20,4,67,1.000,0.875,1.000,0,0,666,72,0,664,0
42,70,Standard Survival,486,258,117,0,4,63,1.000,0.875,1.000,0,0,666,73,0,620,0
42,71,Standard Survival,492,263,118,0,5,58,1.000,0.875,1.000,0,0,666,75,0,971,0
42,72,Standard Survival,497,266,120,0,6,52,1.000,0.875,1.000,0,0,666,75,0,933,0
42,73,Standard Survival,502,268,120,20,4,68,1.000,0.870,1.000,0,0,666,77,0,911,0
42,74,Standard Survival,510,270,122,0,8,60,1.000,0.870,1.000,0,0,666,77,0,877,0
42,75,Standard Survival,516,274,123,0,5,55,1.000,0.870,1.000,0,0,666,79,0,849,0
42,76,Standard Survival,521,276,123,20,6,69,1.000,0.865,1.000,0,0,666,80,0,821,0
42,77,Standard Survival,526,278,124,0,6,63,1.000,0.865,1.000,0,0,666,81,0,800,0
42,78,Standard Survival,532,280,125,0,4,59,1.000,0.865,1.000,0,0,666,81,0,756,0
42,79,Standard Survival,540,284,127,0,9,50,1.000,0.865,1.000,0,0,666,83,0,733,0
42,80,Standard Survival,546,284,127,20,5,65,1.000,0.860,1.000,0,0,666,84,0,690,0
42,81,Standard Survival,551,286,128,0,6,59,1.000,0.860,1.000,0,0,666,85,0,650,0
42,82,Standard Survival,556,290,130,0,6,53,1.000,0.860,1.000,0,0,666,85,0,621,0
42,83,Standard Survival,563,290,131,20,9,64,1.000,0.855,1.000,0,0,666,87,0,974,0
42,84,Standard Survival,570,293,133,0,5,59,1.000,0.855,1.000,0,0,666,88,0,948,0
42,85,Standard Survival,577,295,134,0,8,51,1.000,0.855,1.000,0,0,666,89,0,911,0
42,86,Standard Survival,583,295,135,20,6,65,1.000,0.850,1.000,0,0,666,89,0,870,0
42,87,Standard Survival,588,297,137,0,6,59,1.000,0.850,1.000,0,0,666,91,0,850,0
42,88,Standard Survival,593,299,139,0,5,54,1.000,0.850,1.000,0,0,666,92,0,807,0
42,89,Standard Survival,599,302,141,0,4,50,1.000,0.850,1.000,0,0,666,93,0,765,0
42,90,Standard Survival,605,303,142,20,7,63,1.000,0.845,1.000,0,0,666,94,0,739,0
42,91,Standard Survival,614,305,143,0,8,55,1.000,0.845,1.000,0,0,666,95,0,703,0
42,92,Standard Survival,618,310,145,0,4,51,1.000,0.845,1.000,0,0,666,96,0,654,0
42,93,Standard Survival,624,312,145,20,5,66,1.000,0.840,1.000,0,0,666,98,0,605,0
42,94,Standard Survival,633,317,146,0,8,58,1.000,0.840,1.000,0,0,666,98,0,964,0
42,95,Standard Survival,639,319,148,0,5,53,1.000,0.840,1.000,0,0,666,99,0,929,0
42,96,Standard Survival,643,321,149,20,6,67,1.000,0.835,1.000,0,0,666,100,0,894,0
42,97,Standard Survival,650,323,151,0,7,60,1.000,0.835,1.000,0,0,666,102,0,853,0
42,98,Standard Survival,656,328,152,0,4,56,1.000,0.835,1.000,0,0,666,102,0,819,0
42,99,Standard Survival,661,331,153,20,7,69,1.000,0.830,1.000,0,0,666,104,0,777,0
42,100,Standard Survival,670,333,154,0,8,61,1.000,0.830,1.000,0,0,666,104,0,742,0
42,1,Hardcore Desolation,23,25,12,20,8,22,1.000,0.988,1.000,0,0,80,2,422,960,0
42,2,Hardcore Desolation,28,25,13,20,5,37,1.000,0.976,1.000,0,0,160,3,523,918,0
42,3,Hardcore Desolation,33,26,14,20,6,51,1.000,0.964,1.000,0,0,240,4,629,889,0
42,4,Hardcore Desolation,39,26,15,20,8,63,1.000,0.952,1.000,0,0,320,4,752,864,0
42,5,Hardcore Desolation,44,31,17,0,5,58,1.000,0.952,1.000,0,0,400,6,817,822,0
42,6,Hardcore Desolation,50,36,18,0,6,52,1.000,0.952,1.000,0,0,480,7,954,783,0
42,7,Hardcore Desolation,54,36,18,20,5,67,1.000,0.940,1.000,0,0,560,8,1027,748,0
42,8,Hardcore Desolation,62,39,20,0,7,60,1.000,0.940,1.000,0,0,640,9,1093,711,0
42,9,Hardcore Desolation,67,42,22,0,6,54,1.000,0.940,1.000,0,0,666,10,1177,676,0
42,10,Hardcore Desolation,73,42,23,20,8,66,1.000,0.928,1.000,0,0,666,11,1302,656,0
42,11,Hardcore Desolation,78,46,24,0,4,62,1.000,0.928,1.000,0,0,666,13,1359,628,0
42,12,Hardcore Desolation,83,50,25,0,6,56,1.000,0.928,1.000,0,0,666,13,1445,983,0
42,13,Hardcore Desolation,89,50,25,20,7,69,1.000,0.916,1.000,0,0,666,14,1536,952,0
42,14,Hardcore Desolation,97,53,27,0,9,60,1.000,0.916,1.000,0,0,666,15,1624,932,0
42,15,Hardcore Desolation,104,56,29,0,5,55,1.000,0.916,1.000,0,0,666,17,1747,904,0
42,16,Hardcore Desolation,112,56,29,20,9,66,1.000,0.904,1.000,0,0,666,17,1881,857,0
42,17,Hardcore Desolation,120,60,31,0,7,59,1.000,0.904,1.000,0,0,666,18,1995,832,0
42,18,Hardcore Desolation,124,63,33,0,4,55,1.000,0.904,1.000,0,0,666,19,2082,810,0
42,19,Hardcore Desolation,128,67,34,0,4,51,1.000,0.904,1.000,0,0,666,21,2179,781,0
42,20,Hardcore Desolation,134,68,35,20,9,62,1.000,0.892,1.000,0,0,666,21,2301,756,0
42,21,Hardcore Desolation,142,70,37,0,7,55,1.000,0.892,1.000,0,0,666,22,2440,718,0
42,22,Hardcore Desolation,149,70,37,20,9,66,1.000,0.880,1.000,0,0,666,23,2519,676,0
42,23,Hardcore Desolation,157,75,38,0,7,59,1.000,0.880,1.000,0,0,666,25,2574,640,0
42,24,Hardcore Desolation,163,79,39,0,6,53,1.000,0.880,1.000,0,0,666,25,2631,607,0
42,25,Hardcore Desolation,167,82,39,20,4,69,1.000,0.868,1.000,0,0,666,26,2752,982,0
42,26,Hardcore Desolation,173,84,40,0,7,62,1.000,0.868,1.000,0,0,666,27,2824,941,0
42,27,Hardcore Desolation,179,86,42,0,6,56,1.000,0.868,1.000,0,0,666,29,2949,911,0
42,28,Hardcore Desolation,185,90,44,0,6,50,1.000,0.868,1.000,0,0,666,29,3048,878,0
42,29,Hardcore Desolation,190,93,44,20,5,65,1.000,0.856,1.000,0,0,666,31,3129,838,0
42,30,Hardcore Desolation,197,98,46,0,9,56,1.000,0.856,1.000,0,0,666,31,3213,813,0
42,31,Hardcore Desolation,203,103,48,0,4,52,1.000,0.856,1.000,0,0,666,33,3355,772,0
42,32,Hardcore Desolation,210,103,49,20,8,64,1.000,0.844,1.000,0,0,666,34,3450,726,0
42,33,Hardcore Desolation,217,107,51,0,7,57,1.000,0.844,1.000,0,0,666,35,3589,678,0
42,34,Hardcore Desolation,222,112,52,0,5,52,1.000,0.844,1.000,0,0,666,35,3641,657,0
42,35,Hardcore Desolation,228,113,53,20,8,64,1.000,0.832,1.000,0,0,666,37,3703,635,0
42,36,Hardcore Desolation,236,118,54,0,9,55,1.000,0.832,1.000,0,0,666,38,3762,615,0
42,37,Hardcore Desolation,243,120,54,20,9,66,1.000,0.820,1.000,0,0,666,39,3891,979,0
42,38,Hardcore Desolation,249,125,56,0,7,59,1.000,0.820,1.000,0,0,666,40,3952,946,0
42,39,Hardcore Desolation,254,130,57,0,5,54,1.000,0.820,1.000,0,0,666,41,4099,908,0
42,40,Hardcore Desolation,262,133,57,20,8,66,1.000,0.808,1.000,0,0,666,42,4227,863,0
42,41,Hardcore Desolation,269,136,58,0,7,59,1.000,0.808,1.000,0,0,666,44,4308,815,0
42,42,Hardcore Desolation,276,140,59,0,9,50,1.000,0.808,1.000,0,0,666,44,4389,778,0
42,43,Hardcore Desolation,282,140,60,20,7,63,1.000,0.796,1.000,0,0,666,45,4443,755,0
42,44,Hardcore Desolation,288,145,61,0,7,56,1.000,0.796,1.000,0,0,666,46,4510,727,0
42,45,Hardcore Desolation,296,146,62,20,8,68,1.000,0.784,1.000,0,0,666,48,4627,680,0
42,46,Hardcore Desolation,304,150,64,0,8,60,1.000,0.784,1.000,0,0,666,48,4754,637,0
42,47,Hardcore Desolation,310,153,66,0,7,53,1.000,0.784,1.000,0,0,666,49,4902,601,0
42,48,Hardcore Desolation,316,154,67,20,6,67,1.000,0.772,1.000,0,0,666,50,4978,976,0
42,49,Hardcore Desolation,322,156,69,0,6,61,1.000,0.772,1.000,0,0,666,52,5044,944,0
42,50,Hardcore Desolation,329,159,71,0,8,53,1.000,0.772,1.000,0,0,666,52,5178,921,0
42,51,Hardcore Desolation,336,162,72,20,9,64,1.000,0.760,1.000,0,0,666,54,5281,901,0
42,52,Hardcore Desolation,341,166,74,0,4,60,1.000,0.760,1.000,0,0,666,54,5362,862,0
42,53,Hardcore Desolation,347,170,76,0,4,56,1.000,0.760,1.000,0,0,666,56,5419,836,0
42,54,Hardcore Desolation,354,170,76,20,9,67,1.000,0.748,1.000,0,0,666,57,5562,810,0
42,55,Hardcore Desolation,361,175,77,0,5,62,1.000,0.748,1.000,0,0,666,58,5635,789,0
42,56,Hardcore Desolation,369,177,78,0,8,54,1.000,0.748,1.000,0,0,666,58,5733,749,0
42,57,Hardcore Desolation,374,179,79,20,6,68,1.000,0.736,1.000,0,0,666,60,5871,715,0
42,58,Hardcore Desolation,380,184,81,0,4,64,1.000,0.736,1.000,0,0,666,61,6008,666,0
42,59,Hardcore Desolation,389,189,83,0,8,56,1.000,0.736,1.000,0,0,666,62,6097,620,0
42,60,Hardcore Desolation,396,192,85,0,6,50,1.000,0.736,1.000,0,0,666,63,6230,977,0
42,61,Hardcore Desolation,403,195,86,20,9,61,1.000,0.724,1.000,0,0,666,64,6356,936,0
42,62,Hardcore Desolation,411,197,88,0,9,52,1.000,0.724,1.000,0,0,666,65,6445,910,0
42,63,Hardcore Desolation,417,199,89,20,8,64,1.000,0.712,1.000,0,0,666,67,6525,882,0
42,64,Hardcore Desolation,424,201,90,0,8,56,1.000,0.712,1.000,0,0,666,67,6577,855,0
42,65,Hardcore Desolation,429,206,91,0,5,51,1.000,0.712,1.000,0,0,666,68,6655,808,0
42,66,Hardcore Desolation,435,209,92,20,6,65,1.000,0.700,1.000,0,0,666,69,6733,772,0
42,67,Hardcore Desolation,444,214,93,0,8,57,1.000,0.700,1.000,0,0,666,71,6860,732,0
42,68,Hardcore Desolation,451,217,95,0,6,51,1.000,0.700,1.000,0,0,666,71,6941,704,0
42,69,Hardcore Desolation,456,218,96,20,4,67,1.000,0.688,1.000,0,0,666,72,7053,664,0
42,70,Hardcore Desolation,460,221,98,0,4,63,1.000,0.688,1.000,0,0,666,73,7152,620,0
42,71,Hardcore Desolation,466,226,99,0,5,58,1.000,0.688,1.000,0,0,666,75,7219,971,0
42,72,Hardcore Desolation,471,229,101,0,6,52,1.000,0.688,1.000,0,0,666,75,7274,933,0
42,73,Hardcore Desolation,476,231,101,20,4,68,1.000,0.676,1.000,0,0,666,77,7366,911,0
42,74,Hardcore Desolation,484,233,103,0,8,60,1.000,0.676,1.000,0,0,666,77,7506,877,0
42,75,Hardcore Desolation,490,237,104,0,5,55,1.000,0.676,1.000,0,0,666,79,7622,849,0
42,76,Hardcore Desolation,495,239,104,20,6,69,1.000,0.664,1.000,0,0,666,80,7751,821,0
42,77,Hardcore Desolation,500,241,105,0,6,63,1.000,0.664,1.000,0,0,666,81,7858,800,0
42,78,Hardcore Desolation,506,243,106,0,4,59,1.000,0.664,1.000,0,0,666,81,7943,756,0
42,79,Hardcore Desolation,514,247,108,0,9,50,1.000,0.664,1.000,0,0,666,83,8054,733,0
42,80,Hardcore Desolation,520,247,108,20,5,65,1.000,0.652,1.000,0,0,666,84,8138,690,0
42,81,Hardcore Desolation,525,249,109,0,6,59,1.000,0.652,1.000,0,0,666,85,8206,650,0
42,82,Hardcore Desolation,530,253,111,0,6,53,1.000,0.652,1.000,0,0,666,85,8347,621,0
42,83,Hardcore Desolation,537,253,112,20,9,64,1.000,0.640,1.000,0,0,666,87,8473,974,0
42,84,Hardcore Desolation,544,256,114,0,5,59,1.000,0.640,1.000,0,0,666,88,8614,948,0
42,85,Hardcore Desolation,551,258,115,0,8,51,1.000,0.640,1.000,0,0,666,89,8682,911,0
42,86,Hardcore Desolation,557,258,116,20,6,65,1.000,0.628,1.000,0,0,666,89,8767,870,0
42,87,Hardcore Desolation,562,260,118,0,6,59,1.000,0.628,1.000,0,0,666,91,8856,850,0
42,88,Hardcore Desolation,567,262,120,0,5,54,1.000,0.628,1.000,0,0,666,92,8967,807,0
42,89,Hardcore Desolation,573,265,122,0,4,50,1.000,0.628,1.000,0,0,666,93,9084,765,0
42,90,Hardcore Desolation,579,266,123,20,7,63,1.000,0.616,1.000,0,0,666,94,9212,739,0
42,91,Hardcore Desolation,588,268,124,0,8,55,1.000,0.616,1.000,0,0,666,95,9300,703,0
42,92,Hardcore Desolation,592,273,126,0,4,51,1.000,0.616,1.000,0,0,666,96,9408,654,0
42,93,Hardcore Desolation,598,275,126,20,5,66,1.000,0.604,1.000,0,0,666,98,9470,605,0
42,94,Hardcore Desolation,607,280,127,0,8,58,1.000,0.604,1.000,0,0,666,98,9618,964,0
42,95,Hardcore Desolation,613,282,129,0,5,53,1.000,0.604,1.000,0,0,666,99,9700,929,0
42,96,Hardcore Desolation,617,284,130,20,6,67,1.000,0.592,1.000,0,0,666,100,9818,894,0
42,97,Hardcore Desolation,624,286,132,0,7,60,1.000,0.592,1.000,0,0,666,102,9901,853,0
42,98,Hardcore Desolation,630,291,133,0,4,56,1.000,0.592,1.000,0,0,666,102,10015,819,0
42,99,Hardcore Desolation,635,294,134,20,7,69,1.000,0.580,1.000,0,0,666,104,10071,777,0
42,100,Hardcore Desolation,644,296,135,0,8,61,1.000,0.580,1.000,0,0,666,104,10207,742,0
98765,1,Standard Survival,44,61,30,20,5,45,1.000,0.995,1.000,0,0,80,2,162,955,0
98765,2,Standard Survival,48,64,31,20,6,59,1.000,0.990,1.000,0,0,160,3,82,921,0
98765,3,Standard Survival,57,69,33,0,8,51,1.000,0.990,1.000,0,0,240,4,0,898,0
98765,4,Standard Survival,62,72,33,20,5,66,1.000,0.985,1.000,0,0,320,5,0,849,0
98765,5,Standard Survival,69,75,34,0,5,61,1.000,0.985,1.000,0,0,400,6,0,801,0
98765,6,Standard Survival,76,80,36,0,9,52,1.000,0.985,1.000,0,0,480,7,0,777,0
98765,7,Standard Survival,82,83,36,20,9,63,1.000,0.980,1.000,0,0,560,9,0,738,0
98765,8,Standard Survival,90,88,37,0,7,56,1.000,0.980,1.000,0,0,640,9,0,714,0
98765,9,Standard Survival,96,88,37,20,7,69,1.000,0.975,1.000,0,0,666,10,0,673,0
98765,10,Standard Survival,103,93,39,0,7,62,1.000,0.975,1.000,0,0,666,11,0,652,0
98765,11,Standard Survival,110,95,40,0,6,56,1.000,0.975,1.000,0,0,666,13,0,613,0
98765,12,Standard Survival,118,98,40,20,8,68,1.000,0.970,1.000,0,0,666,13,0,984,0
98765,13,Standard Survival,125,103,41,0,7,61,1.000,0.970,1.000,0,0,666,15,0,954,0
98765,14,Standard Survival,134,107,42,0,8,53,1.000,0.970,1.000,0,0,666,15,0,917,0
98765,15,Standard Survival,139,109,43,20,4,69,1.000,0.965,1.000,0,0,666,17,0,874,0
98765,16,Standard Survival,148,114,45,0,8,61,1.000,0.965,1.000,0,0,666,18,0,847,0
98765,17,Standard Survival,155,119,46,0,9,52,1.000,0.965,1.000,0,0,666,19,0,821,0
98765,18,Standard Survival,158,121,46,20,4,68,1.000,0.960,1.000,0,0,666,19,0,785,0
98765,19,Standard Survival,166,126,48,0,9,59,1.000,0.960,1.000,0,0,666,21,0,737,0
98765,20,Standard Survival,173,129,50,0,8,51,1.000,0.960,1.000,0,0,666,22,0,705,0
98765,21,Standard Survival,179,130,51,20,6,65,1.000,0.955,1.000,0,0,666,23,0,679,0
98765,22,Standard Survival,187,135,52,0,9,56,1.000,0.955,1.000,0,0,666,23,0,640,0
98765,23,Standard Survival,192,138,53,0,6,50,1.000,0.955,1.000,0,0,666,25,0,991,0
98765,24,Standard Survival,196,141,53,20,5,65,1.000,0.950,1.000,0,0,666,26,0,971,0
98765,25,Standard Survival,201,146,54,0,4,61,1.000,0.950,1.000,0,0,666,27,0,942,0
98765,26,Standard Survival,208,150,55,0,8,53,1.000,0.950,1.000,0,0,666,28,0,916,0
98765,27,Standard Survival,211,152,55,20,4,69,1.000,0.945,1.000,0,0,666,29,0,870,0
98765,28,Standard Survival,218,155,56,0,8,61,1.000,0.945,1.000,0,0,666,30,0,836,0
98765,29,Standard Survival,223,157,57,0,4,57,1.000,0.945,1.000,0,0,666,32,0,805,0
98765,30,Standard Survival,231,160,57,20,9,68,1.000,0.940,1.000,0,0,666,32,0,778,0
98765,31,Standard Survival,237,165,58,0,4,64,1.000,0.940,1.000,0,0,666,33,0,739,0
98765,32,Standard Survival,242,168,60,0,6,58,1.000,0.940,1.000,0,0,666,34,0,718,0
98765,33,Standard Survival,250,172,61,0,8,50,1.000,0.940,1.000,0,0,666,36,0,672,0
98765,34,Standard Survival,254,175,61,20,4,66,1.000,0.935,1.000,0,0,666,36,0,645,0
98765,35,Standard Survival,261,180,62,0,6,60,1.000,0.935,1.000,0,0,666,38,0,997,0
98765,36,Standard Survival,267,183,63,0,5,55,1.000,0.935,1.000,0,0,666,38,0,962,0
98765,37,Standard Survival,274,186,64,0,5,50,1.000,0.935,1.000,0,0,666,40,0,919,0
98765,38,Standard Survival,278,189,64,20,5,65,1.000,0.930,1.000,0,0,666,41,0,893,0
98765,39,Standard Survival,286,191,65,0,7,58,1.000,0.930,1.000,0,0,666,42,0,861,0
98765,40,Standard Survival,291,196,67,0,5,53,1.000,0.930,1.000,0,0,666,42,0,816,0
98765,41,Standard Survival,297,199,68,20,8,65,1.000,0.925,1.000,0,0,666,44,0,768,0
98765,42,Standard Survival,303,204,69,0,6,59,1.000,0.925,1.000,0,0,666,45,0,719,0
98765,43,Standard Survival,308,209,70,0,6,53,1.000,0.925,1.000,0,0,666,46,0,671,0
98765,44,Standard Survival,312,212,70,20,6,67,1.000,0.920,1.000,0,0,666,46,0,632,0
98765,45,Standard Survival,321,214,72,0,9,58,1.000,0.920,1.000,0,0,666,48,0,987,0
98765,46,Standard Survival,327,218,74,0,7,51,1.000,0.920,1.000,0,0,666,49,0,961,0
98765,47,Standard Survival,331,219,75,20,5,66,1.000,0.915,1.000,0,0,666,50,0,912,0
98765,48,Standard Survival,337,223,77,0,4,62,1.000,0.915,1.000,0,0,666,51,0,878,0
98765,49,Standard Survival,346,226,79,0,8,54,1.000,0.915,1.000,0,0,666,52,0,850,0
98765,50,Standard Survival,354,227,79,20,9,65,1.000,0.910,1.000,0,0,666,53,0,816,0
98765,51,Standard Survival,359,231,80,0,5,60,1.000,0.910,1.000,0,0,666,55,0,782,0
98765,52,Standard Survival,367,235,82,0,8,52,1.000,0.910,1.000,0,0,666,55,0,751,0
98765,53,Standard Survival,372,238,82,20,5,67,1.000,0.905,1.000,0,0,666,56,0,723,0
98765,54,Standard Survival,377,243,84,0,5,62,1.000,0.905,1.000,0,0,666,57,0,684,0
98765,55,Standard Survival,383,247,86,0,7,55,1.000,0.905,1.000,0,0,666,59,0,648,0
98765,56,Standard Survival,390,251,88,0,5,50,1.000,0.905,1.000,0,0,666,59,0,617,0
98765,57,Standard Survival,396,251,88,20,5,65,1.000,0.900,1.000,0,0,666,61,0,974,0
98765,58,Standard Survival,402,253,89,0,5,60,1.000,0.900,1.000,0,0,666,61,0,948,0
98765,59,Standard Survival,410,255,90,0,7,53,1.000,0.900,1.000,0,0,666,63,0,908,0
98765,60,Standard Survival,415,257,90,20,7,66,1.000,0.895,1.000,0,0,666,64,0,863,0
98765,61,Standard Survival,421,260,92,0,5,61,1.000,0.895,1.000,0,0,666,65,0,815,0
98765,62,Standard Survival,429,264,93,0,7,54,1.000,0.895,1.000,0,0,666,65,0,781,0
98765,63,Standard Survival,434,269,94,0,4,50,1.000,0.895,1.000,0,0,666,67,0,752,0
98765,64,Standard Survival,440,270,94,20,7,63,1.000,0.890,1.000,0,0,666,68,0,717,0
98765,65,Standard Survival,445,275,96,0,4,59,1.000,0.890,1.000,0,0,666,69,0,686,0
98765,66,Standard Survival,454,278,98,0,9,50,1.000,0.890,1.000,0,0,666,70,0,666,0
98765,67,Standard Survival,461,278,99,20,8,62,1.000,0.885,1.000,0,0,666,71,0,633,0
98765,68,Standard Survival,470,280,100,0,9,53,1.000,0.885,1.000,0,0,666,72,0,611,0
98765,69,Standard Survival,476,282,101,20,6,67,1.000,0.880,1.000,0,0,666,74,0,966,0
98765,70,Standard Survival,485,284,102,0,8,59,1.000,0.880,1.000,0,0,666,74,0,926,0
98765,71,Standard Survival,490,286,104,0,4,55,1.000,0.880,1.000,0,0,666,75,0,901,0
98765,72,Standard Survival,497,287,104,20,8,67,1.000,0.875,1.000,0,0,666,76,0,854,0
98765,73,Standard Survival,506,292,106,0,8,59,1.000,0.875,1.000,0,0,666,78,0,823,0
98765,74,Standard Survival,514,294,107,0,8,51,1.000,0.875,1.000,0,0,666,78,0,789,0
98765,75,Standard Survival,520,295,108,20,5,66,1.000,0.870,1.000,0,0,666,80,0,769,0
98765,76,Standard Survival,526,298,110,0,7,59,1.000,0.870,1.000,0,0,666,80,0,723,0
98765,77,Standard Survival,534,301,111,0,9,50,1.000,0.870,1.000,0,0,666,82,0,703,0
98765,78,Standard Survival,540,302,111,20,9,61,1.000,0.865,1.000,0,0,666,83,0,671,0
98765,79,Standard Survival,545,304,112,0,6,55,1.000,0.865,1.000,0,0,666,84,0,644,0
98765,80,Standard Survival,553,306,113,20,8,67,1.000,0.860,1.000,0,0,666,84,0,611,0
98765,81,Standard Survival,559,311,114,0,5,62,1.000,0.860,1.000,0,0,666,86,0,985,0
98765,82,Standard Survival,567,313,115,0,8,54,1.000,0.860,1.000,0,0,666,87,0,948,0
98765,83,Standard Survival,575,314,115,20,9,65,1.000,0.855,1.000,0,0,666,88,0,924,0
98765,84,Standard Survival,581,318,116,0,7,58,1.000,0.855,1.000,0,0,666,88,0,904,0
98765,85,Standard Survival,590,322,118,0,8,50,1.000,0.855,1.000,0,0,666,90,0,868,0
98765,86,Standard Survival,596,322,118,20,7,63,1.000,0.850,1.000,0,0,666,91,0,832,0
98765,87,Standard Survival,603,324,119,0,9,54,1.000,0.850,1.000,0,0,666,92,0,801,0
98765,88,Standard Survival,607,324,119,20,5,69,1.000,0.845,1.000,0,0,666,93,0,754,0
98765,89,Standard Survival,614,329,121,0,8,61,1.000,0.845,1.000,0,0,666,94,0,708,0
98765,90,Standard Survival,620,333,123,0,6,55,1.000,0.845,1.000,0,0,666,95,0,664,0
98765,91,Standard Survival,625,335,125,0,5,50,1.000,0.845,1.000,0,0,666,97,0,622,0
98765,92,Standard Survival,631,338,125,20,7,63,1.000,0.840,1.000,0,0,666,97,0,987,0
98765,93,Standard Survival,637,340,126,0,5,58,1.000,0.840,1.000,0,0,666,98,0,944,0
98765,94,Standard Survival,643,344,127,0,6,52,1.000,0.840,1.000,0,0,666,99,0,908,0
98765,95,Standard Survival,648,345,128,20,4,68,1.000,0.835,1.000,0,0,666,101,0,886,0
98765,96,Standard Survival,657,349,129,0,9,59,1.000,0.835,1.000,0,0,666,101,0,866,0
98765,97,Standard Survival,663,352,131,0,4,55,1.000,0.835,1.000,0,0,666,103,0,824,0
98765,98,Standard Survival,670,354,132,20,8,67,1.000,0.830,1.000,0,0,666,103,0,776,0
98765,99,Standard Survival,678,358,134,0,8,59,1.000,0.830,1.000,0,0,666,105,0,755,0
98765,100,Standard Survival,685,362,136,0,7,52,1.000,0.830,1.000,0,0,666,106,0,719,0
