key,en,de,source
ui.common.ok,OK,OK,src/UI/AshfallUiHelpers.cs
ui.common.cancel,Cancel,Abbrechen,src/UI/AshfallUiHelpers.cs
ui.common.close,Close,Schließen,src/UI/AshfallUiHelpers.cs
ui.common.back,Back,Zurück,src/UI/AshfallUiHelpers.cs
ui.common.confirm,Confirm,Bestätigen,src/UI/AshfallUiHelpers.cs
ui.common.save,Save,Speichern,src/UI/AshfallUiHelpers.cs
ui.common.apply,Apply,Übernehmen,src/UI/AshfallUiHelpers.cs
ui.common.reset,Reset,Zurücksetzen,src/UI/AshfallUiHelpers.cs
ui.common.enabled,ENABLED,AKTIVIERT,src/UI/AshfallUiHelpers.cs
ui.common.disabled,DISABLED,DEAKTIVIERT,src/UI/AshfallUiHelpers.cs
ui.common.active,ACTIVE,AKTIV,src/UI/AshfallUiHelpers.cs
ui.common.dormant,DORMANT,RUHEND,src/UI/AshfallUiHelpers.cs
ui.common.stable,STABLE,STABIL,src/UI/AshfallUiHelpers.cs
ui.common.critical,CRITICAL,KRITISCH,src/UI/AshfallUiHelpers.cs
ui.common.warning,WARNING,WARNUNG,src/UI/AshfallUiHelpers.cs
settings.title,SETTINGS,EINSTELLUNGEN,src/UI/SettingsPanel.cs
settings.section.display,DISPLAY & GRAPHICS,ANZEIGE & GRAFIK,src/UI/SettingsPanel.cs
settings.section.audio,AUDIO,AUDIO,src/UI/SettingsPanel.cs
settings.section.accessibility,ACCESSIBILITY & READABILITY,BARRIEREFREIHEIT & LESBARKEIT,src/UI/SettingsPanel.cs
settings.section.gameplay,GAMEPLAY,GAMEPLAY,src/UI/SettingsPanel.cs
settings.section.language,LANGUAGE,SPRACHE,src/UI/SettingsPanel.cs
settings.display.window_mode,Window Mode,Fenstermodus,src/UI/SettingsPanel.cs
settings.display.resolution,Resolution Preset,Auflösungsvorlage,src/UI/SettingsPanel.cs
settings.display.ui_scale,Interface Scale,UI-Skalierung,src/UI/SettingsPanel.cs
settings.display.vsync,Vertical Sync,Vertikale Synchronisierung,src/UI/SettingsPanel.cs
settings.display.max_fps,Frame Rate Cap,Bildratenbegrenzung,src/UI/SettingsPanel.cs
settings.audio.mute_all,Mute All Audio,Alle Töne stummschalten,src/UI/SettingsPanel.cs
settings.audio.master,Master Volume,Gesamtlautstärke,src/UI/SettingsPanel.cs
settings.audio.music,Music / Ambience,Musik / Umgebung,src/UI/SettingsPanel.cs
settings.audio.sfx,Sound Effects,Soundeffekte,src/UI/SettingsPanel.cs
settings.audio.radio,Radio,Radio,src/UI/SettingsPanel.cs
settings.audio.ambience,Bunker Ambience,Bunkerambiente,src/UI/SettingsPanel.cs
settings.accessibility.high_contrast,High Contrast HUD,Kontrastreiches HUD,src/UI/SettingsPanel.cs
settings.accessibility.hazard_labels,Always Show Hazard Text,Gefahrenhinweise immer anzeigen,src/UI/SettingsPanel.cs
settings.accessibility.reduced_motion,Reduced Motion,Verringerte Bewegung,src/UI/SettingsPanel.cs
settings.accessibility.large_fonts,Large Font Floor,Mindestschriftgröße,src/UI/SettingsPanel.cs
settings.gameplay.tutorial_mode,Tutorial Guidance,Tutorial-Anleitung,src/UI/SettingsPanel.cs
settings.gameplay.confirm_end_day,Confirm Before Ending Day,Vor dem Beenden des Tages bestätigen,src/UI/SettingsPanel.cs
settings.gameplay.verbose_radio,Detailed Radio Log,Detailliertes Funkprotokoll,src/UI/SettingsPanel.cs
settings.gameplay.auto_save,Auto-Save on Day Advance,Beim Tageswechsel automatisch speichern,src/UI/SettingsPanel.cs
settings.gameplay.reset_tutorials,Reset Tutorial Guidance,Tutorial-Anleitung zurücksetzen,src/UI/SettingsPanel.cs
settings.language.locale,Language / Locale,Sprache / Region,src/UI/SettingsPanel.cs
tutorial.title,DAY 1 OBJECTIVE,ZIEL VON TAG 1,src/UI/OnboardingHintPanel.cs
tutorial.protocol.title,Resolve the Day 1 protocol,Das Protokoll von Tag 1 abarbeiten,Assets/Ashfall.Core/Onboarding/OnboardingJourney.cs
tutorial.protocol.objective,"Handle rationing, maintenance, then radio. Each choice costs something.","Rationen, Wartung und Funk abarbeiten. Jede Wahl kostet.",Assets/Ashfall.Core/Onboarding/OnboardingJourney.cs
tutorial.inspect.title,Inspect three bunker rooms,Drei Bunkerräume prüfen,Assets/Ashfall.Core/Onboarding/OnboardingJourney.cs
tutorial.inspect.objective,Open the shelter and inspect rooms until three have confirming notes.,"Unterkunft öffnen und Räume prüfen, bis drei bestätigende Notizen vorliegen.",Assets/Ashfall.Core/Onboarding/OnboardingJourney.cs
tutorial.rationing.title,Open the stores and read them,Lager öffnen und prüfen,Assets/Ashfall.Core/Onboarding/OnboardingJourney.cs
tutorial.rationing.objective,Open the inventory and look at the food and water you are rationing.,Inventar öffnen und die rationierten Vorräte prüfen.,Assets/Ashfall.Core/Onboarding/OnboardingJourney.cs
tutorial.assignment.title,Assign a survivor to a duty,Einen Überlebenden einteilen,Assets/Ashfall.Core/Onboarding/OnboardingJourney.cs
tutorial.assignment.objective,Open the duty roster and assign one survivor to a shift. Survivors cannot work without one.,Dienstplan öffnen und einen Überlebenden einer Schicht zuweisen.,Assets/Ashfall.Core/Onboarding/OnboardingJourney.cs
tutorial.weather.title,Read the weather,Wetter lesen,Assets/Ashfall.Core/Onboarding/OnboardingJourney.cs
tutorial.weather.objective,Open the weather forecast or panel to learn what tomorrow will bring.,"Wettervorhersage öffnen und sehen, was morgen kommt.",Assets/Ashfall.Core/Onboarding/OnboardingJourney.cs
tutorial.inventory.title,Use an item from the stores,Einen Gegenstand aus dem Lager verwenden,Assets/Ashfall.Core/Onboarding/OnboardingJourney.cs
tutorial.inventory.objective,"Equip protection, or use something from stores.",Schutzausrüstung anlegen oder etwas aus dem Lager verbrauchen.,Assets/Ashfall.Core/Onboarding/OnboardingJourney.cs
tutorial.day_advance.title,End Day 1,Tag 1 beenden,Assets/Ashfall.Core/Onboarding/OnboardingJourney.cs
tutorial.day_advance.objective,Confirm Advance Day. Morning briefing comes with Day 2.,Tag bestätigen. Die Morgenbesprechung kommt mit Tag 2.,Assets/Ashfall.Core/Onboarding/OnboardingJourney.cs
warning.radiation.acute,ACUTE RADIATION: {0} at {1:F0} mSv (-5 HP/h). Give Rad-Away or iodine.,AKUTE STRAHLUNG: {0} bei {1:F0} mSv (-5 HP/h). Rad-Away oder Jod verabreichen.,Assets/Ashfall.Core/Radiation/RadiationSystem.cs
warning.radiation.storm,FALLOUT STORM: Outdoor dose is rising. Keep people inside or kit them in hazmat.,FALLOUT-STURM: Die Außendosis steigt. Halte die Menschen drinnen oder rüste sie mit Schutzanzügen aus.,Assets/Ashfall.Core/Weather/WeatherSystem.cs
warning.water.low,WATER LOW: {0:F1} units left (~{1:F1} days). Run filtration or desalination.,WASSER KNAPP: Noch {0:F1} Einheiten (~{1:F1} Tage). Filtration oder Entsalzung betreiben.,Assets/Ashfall.Core/Survivors/NeedsSystem.cs
warning.food.low,FOOD LOW: {0:F1} units left (~{1:F1} days). Tighten rations or scavenge.,NAHRUNG KNAPP: Noch {0:F1} Einheiten (~{1:F1} Tage). Rationen kürzen oder Vorräte suchen.,Assets/Ashfall.Core/Survivors/NeedsSystem.cs
warning.power.brownout,POWER DEFICIT: Generator reserve is gone. Filters are offline; indoor contamination is rising.,STROMDEFIZIT: Der Generatorvorrat ist aufgebraucht. Filter sind offline; die Innenkontamination steigt.,Assets/Ashfall.Core/Shelter/PowerGridSystem.cs
warning.survivor.critical,SURVIVOR IN DANGER: {0} is critical on {1}. Triage now.,ÜBERLEBENDER IN GEFAHR: {0} ist kritisch bei {1}. Sofort behandeln.,Assets/Ashfall.Core/Survivors/NeedsSystem.cs
codex.manual.title,FIELD SURVIVAL MANUAL,FELDÜBERLEBENSHANDBUCH,src/UI/JournalPanel.cs
codex.manual.radiation,"Radiation: Dose climbs in fallout and storms. Above 50 mSv, acute sickness takes 5 HP/hr. Give Rad-Away or iodine.",Strahlung: Die Dosis steigt bei Fallout und Stürmen. Über 50 mSv kostet die akute Strahlenkrankheit 5 HP/h. Rad-Away oder Jod verabreichen.,src/UI/JournalPanel.cs
codex.manual.rations,Rations: Three people drink ~3.6 clean water a day. Keep filtration membranes working.,"Rationen: Drei Personen trinken ~3,6 sauberes Wasser pro Tag. Halte die Filtermembranen funktionsfähig.",src/UI/JournalPanel.cs
codex.manual.power,Power: Air filtration needs a live grid. Stock batteries and generator fuel.,Strom: Die Luftfiltration braucht ein funktionierendes Netz. Lege Vorräte an Batterien und Generatorkraft an.,src/UI/JournalPanel.cs
codex.manual.duty,Duty: Unassigned people lose morale and cannot keep rooms running.,Dienst: Nicht zugeteilte Personen verlieren Moral und können Räume nicht in Betrieb halten.,src/UI/JournalPanel.cs
discovery.micro_roadside_memorial.title,Roadside Memorial,Straßenrand-Gedenkstätte,Assets/StreamingAssets/Data/micro_locations.json
discovery.micro_roadside_memorial.description,"Melted tallow stubs sit inside rusted rationing tins around a bent highway marker. A photograph was torn away, leaving only a bloodstained corner pinned beneath a stone. The wax has frozen into pale, grey discs, and the tins have been set in a rough circle.","Geschmolzene Talgreste sitzen in verrosteten Rationsdosen um einen verbogenen Pfahl. Ein Foto wurde weggerissen, nur eine blutbefleckte Ecke blieb unter einem Stein zurück. Das Wachs ist zu blassen, grauen Scheiben erstarrt, und die Dosen stehen in einem groben Kreis.",Assets/StreamingAssets/Data/micro_locations.json
discovery.micro_roadside_memorial.choice.leave_memorial,Leave it untouched.,Unberührt lassen.,Assets/StreamingAssets/Data/micro_locations.json
discovery.micro_roadside_memorial.choice.take_offering,Take the candle stubs and any small offering left behind.,Die Kerzenreste und alle kleinen Opfergaben mitnehmen.,Assets/StreamingAssets/Data/micro_locations.json
discovery.micro_crashed_truck.title,Crashed Supply Truck,Abgestürzter Versorgungslaster,Assets/StreamingAssets/Data/micro_locations.json
discovery.micro_crashed_truck.description,"A military logistics rig lies crushed in the frozen ditch, its windshield shattered outward. Torn radiation warning tags cling to the twisted rear doors. The cargo area was scavenged long ago, but one crate lies split open in the frost, and nobody has closed it.","Ein militärischer Logistiktransporter liegt zerschmettert im gefrorenen Graben, die Windschutzscheibe nach außen geborsten. Zerrissene Strahlungswarnschilder klammern sich an die verbogenen Hecktüren. Der Laderaum wurde längst geplündert, aber eine Kiste liegt aufgebrochen im Frost, und niemand hat sie wieder geschlossen.",Assets/StreamingAssets/Data/micro_locations.json
discovery.micro_crashed_truck.choice.search_truck_cargo,Search the split crate and cab for salvage.,Die aufgebrochene Kiste und das Fahrerhaus nach Brauchbarem durchsuchen.,Assets/StreamingAssets/Data/micro_locations.json
discovery.micro_crashed_truck.choice.search_truck_cab,Investigate the cab for documents or personal effects.,Das Fahrerhaus nach Dokumenten oder persönlichen Gegenständen untersuchen.,Assets/StreamingAssets/Data/micro_locations.json
discovery.micro_crashed_truck.choice.ignore_truck,Move on. Someone already took what was worth taking.,Weitergehen. Jemand hat bereits alles Brauchbare mitgenommen.,Assets/StreamingAssets/Data/micro_locations.json
discovery.micro_frozen_bus.title,Frozen Evacuation Bus,Gefrorener Evakuierungsbus,Assets/StreamingAssets/Data/micro_locations.json
discovery.micro_frozen_bus.description,"The transit doors are frozen wide open, letting the ash-laden wind howl through the cabin. A child's single shoe sits upright beneath a luggage rack. The windows are obscured by thick, greasy frost on the inside, and nothing has been wiped clear.","Die Bustüren sind weit aufgefroren, sodass der aschebeladene Wind durch die Kabine heult. Der Einzelschuh eines Kindes steht aufrecht unter einer Gepäckablage. Die Fenster sind auf der Innenseite von dickem, schmierigem Frost überzogen, und nichts wurde freigewischt.",Assets/StreamingAssets/Data/micro_locations.json
discovery.micro_frozen_bus.choice.search_bus_luggage,Search the luggage rack for supplies.,Die Gepäckablage nach Vorräten durchsuchen.,Assets/StreamingAssets/Data/micro_locations.json
discovery.micro_frozen_bus.choice.leave_bus,Leave the bus undisturbed.,Den Bus unberührt lassen.,Assets/StreamingAssets/Data/micro_locations.json
discovery.micro_frozen_bus.choice.read_bus_tag,Check the transit tag on the dashboard for a destination.,Die Transitmarke auf dem Armaturenbrett nach einem Bestimmungsort prüfen.,Assets/StreamingAssets/Data/micro_locations.json
discovery.micro_improvised_grave.title,Improvised Grave,Behelfsgrab,Assets/StreamingAssets/Data/micro_locations.json
discovery.micro_improvised_grave.description,"A shallow mound of frozen earth, hastily reinforced with chunks of shattered concrete. A name is violently gouged into a piece of broken siding, along with a date from the first winter of the ashfall, and both are cut to the same depth.","Ein flacher Hügel aus gefrorener Erde, hastig mit Brocken zerschmetterten Betons verstärkt. Ein Name ist gewaltsam in ein Stück gebrochener Verkleidung geritzt, daneben ein Datum aus dem ersten Winter des Aschefalls, und beide sind gleich tief geritzt.",Assets/StreamingAssets/Data/micro_locations.json
discovery.micro_improvised_grave.choice.respect_grave,Pay respects and move on.,Respekt erweisen und weitergehen.,Assets/StreamingAssets/Data/micro_locations.json
discovery.micro_improvised_grave.choice.inspect_grave_marker,Read the name and date scratched into the plank.,Den Namen und das Datum von der Planke lesen.,Assets/StreamingAssets/Data/micro_locations.json
discovery.micro_improvised_grave.choice.disturb_grave,Check beneath the stones for any buried belongings.,Unter den Steinen nach vergrabenen Habseligkeiten suchen.,Assets/StreamingAssets/Data/micro_locations.json
discovery.micro_collapsed_bridge.title,Collapsed Bridge,Eingestürzte Brücke,Assets/StreamingAssets/Data/micro_locations.json
discovery.micro_collapsed_bridge.description,"A colossal span of reinforced concrete leans broken into the black, freezing river. A transport vehicle is wedged violently against the submerged rebar, its rear doors hanging open just above the roaring current.","Eine gewaltige Spannweite aus Stahlbeton lehnt zerbrochen in den schwarzen, gefrierenden Fluss. Ein Transportfahrzeug ist brutal gegen die versunkenen Bewehrungsstäbe geklemmt, die Hecktüren hängen knapp über dem tosenden Strom offen.",Assets/StreamingAssets/Data/micro_locations.json
discovery.micro_collapsed_bridge.choice.search_bridge_vehicle,Climb down to the wedged vehicle and search the cargo area.,Zum eingeklemmten Fahrzeug hinabsteigen und den Laderaum durchsuchen.,Assets/StreamingAssets/Data/micro_locations.json
discovery.micro_collapsed_bridge.choice.inspect_bridge_structure,Examine the collapsed span for salvageable steel or cable.,Das eingestürzte Bauwerk nach verwertbarem Stahl oder Kabel absuchen.,Assets/StreamingAssets/Data/micro_locations.json
discovery.micro_collapsed_bridge.choice.avoid_bridge,Find a way around. The structure looks unstable.,Einen Umweg suchen. Das Bauwerk wirkt instabil.,Assets/StreamingAssets/Data/micro_locations.json
discovery.micro_drainage_pipe.title,Drainage Pipe,Entwässerungsrohr,Assets/StreamingAssets/Data/micro_locations.json
discovery.micro_drainage_pipe.description,"Rags and irradiated blankets have been pushed deep into this dark concrete culvert. Words are gouged into the wall just beyond the reach of the freezing rain, the letters uneven and going downhill. The smell of copper and unwashed bodies lingers, and the blankets lie well back from the drip.","Lumpen und verstrahlte Decken sind tief in diesen dunklen Betondurchlass geschoben. Worte sind in die Wand geritzt, knapp außer Reichweite des eisenden Regens, die Buchstaben ungleich und bergab verlaufend. Der Geruch von Kupfer und ungewaschenen Körpern hängt in der Luft, und die Decken liegen weit ab vom Tropf.",Assets/StreamingAssets/Data/micro_locations.json
discovery.micro_drainage_pipe.choice.crawl_pipe,Crawl inside and check the blankets for supplies.,Hineinkriechen und die Decken nach Vorräten durchsuchen.,Assets/StreamingAssets/Data/micro_locations.json
discovery.micro_drainage_pipe.choice.read_pipe_warning,Read the warning scratched into the concrete.,Die Warnung im Beton lesen.,Assets/StreamingAssets/Data/micro_locations.json
discovery.micro_drainage_pipe.choice.ignore_pipe,Leave it alone. Someone may come back.,Unberührt lassen. Vielleicht kommt jemand zurück.,Assets/StreamingAssets/Data/micro_locations.json
discovery.micro_rail_siding.title,Rail Siding,Abstellgleis,Assets/StreamingAssets/Data/micro_locations.json
discovery.micro_rail_siding.description,"Rusted wheelsets have sunk deep into the irradiated ballast. A maintenance ledger hangs from the side of a derailed freight car, the final pages written in frantic, shaky handwriting before ending abruptly, and the ledger has not been moved.","Verrostete Radsätze sind tief in den verstrahlten Schotter gesunken. Ein Wartungsbuch hängt an der Seite eines entgleisten Güterwagens, die letzten Seiten in hektischer, zittriger Handschrift geschrieben, bevor sie abrupt abbrechen, und das Buch wurde nicht bewegt.",Assets/StreamingAssets/Data/micro_locations.json
discovery.micro_rail_siding.choice.search_rail_car,Search the freight car for industrial salvage.,Den Güterwagen nach industriellem Material durchsuchen.,Assets/StreamingAssets/Data/micro_locations.json
discovery.micro_rail_siding.choice.read_rail_ledger,Read the maintenance ledger.,Das Wartungsbuch lesen.,Assets/StreamingAssets/Data/micro_locations.json
discovery.micro_rail_siding.choice.ignore_rail,The car has been picked over. Move on.,Der Wagen ist bereits geplündert. Weitergehen.,Assets/StreamingAssets/Data/micro_locations.json
discovery.micro_dead_livestock.title,Dead Livestock Area,Viehkadaver-Gelände,Assets/StreamingAssets/Data/micro_locations.json
discovery.micro_dead_livestock.description,"Plastic ear tags flutter in the ash-wind among the dead weeds. Massive, bloated bodies of livestock were dragged into a rough trench, but the grave diggers abandoned the work. The Geiger counter stutters nervously here.","Plastikohrmarken flattern im Aschewind zwischen totem Unkraut. Massive, aufgeblähte Viehkörper wurden in einen groben Graben gezogen, doch die Totengräber brachen die Arbeit ab. Das Geigerzählrohr stottert hier nervös.",Assets/StreamingAssets/Data/micro_locations.json
discovery.micro_dead_livestock.choice.scavenge_livestock,Scavenge usable material from the remains.,Die Überreste nach brauchbarem Material verwerten.,Assets/StreamingAssets/Data/micro_locations.json
discovery.micro_dead_livestock.choice.inspect_livestock_tags,Inspect the ear tags for farm identification.,Die Ohrmarken nach Hofkennzeichnung untersuchen.,Assets/StreamingAssets/Data/micro_locations.json
discovery.micro_dead_livestock.choice.avoid_livestock,Keep your distance. The contamination risk is not worth it.,Ferne halten. Das Kontaminationsrisiko ist es nicht wert.,Assets/StreamingAssets/Data/micro_locations.json
discovery.micro_ruined_greenhouse.title,Ruined Greenhouse,Ruiniertes Gewächshaus,Assets/StreamingAssets/Data/micro_locations.json
discovery.micro_ruined_greenhouse.description,"Shattered glass crunches underfoot in this ruined greenhouse. Desiccated seed trays lie beneath the rusted benches. In the corner, a heavy steel cabinet remains sealed—the paint around its lock is scarred by crowbar marks that stop short of success, and the scars are old.","Zersplittertes Glas knirscht unter den Schuhen in diesem ruinierten Gewächshaus. Ausgedörrte Saatschalen liegen unter den verrosteten Bänken. In der Ecke bleibt ein schwerer Stahlschrank versiegelt; die Farbe um sein Schloss ist von Brecheisenspuren vernarbt, die kurz vor dem Erfolg abbrechen, und die Spuren sind alt.",Assets/StreamingAssets/Data/micro_locations.json
discovery.micro_ruined_greenhouse.choice.take_greenhouse_seeds,Take the labeled seed trays.,Die beschrifteten Saatschalen mitnehmen.,Assets/StreamingAssets/Data/micro_locations.json
discovery.micro_ruined_greenhouse.choice.open_greenhouse_cabinet,Force the sealed cabinet open.,Den versiegelten Schrank aufbrechen.,Assets/StreamingAssets/Data/micro_locations.json
discovery.micro_ruined_greenhouse.choice.leave_greenhouse,Leave the greenhouse for whoever finds it next.,"Das Gewächshaus denen überlassen, die es als Nächstes finden.",Assets/StreamingAssets/Data/micro_locations.json
discovery.micro_shell_crater.title,Shell Crater,Granattrichter,Assets/StreamingAssets/Data/micro_locations.json
discovery.micro_shell_crater.description,"The blast fused the earth into dark, jagged glass along one side of the massive crater. A torn military harness and scorched metal fragments are fused into the soil. Stepping near the rim, each footfall lands with a hollow knock that carries further than it should.","Die Detonation hat den Boden entlang einer Seite des gewaltigen Kraters zu dunklem, gezacktem Glas verschmolzen. Ein zerrissenes Militärgurtzeug und verkohlte Metallfragmente sind mit dem Erdreich verschmolzen. Nahe am Rand landet jeder Schritt mit einem hohlen Schlag, der weiter trägt, als er sollte.",Assets/StreamingAssets/Data/micro_locations.json
discovery.micro_shell_crater.choice.inspect_crater,Carefully inspect the crater edge for salvage.,Den Kraterrand vorsichtig nach Brauchbarem absuchen.,Assets/StreamingAssets/Data/micro_locations.json
discovery.micro_shell_crater.choice.salvage_crater_harness,Dig out the harness and stamped metal fragments.,Das Gurtzeug und die gestempelten Metallfragmente ausgraben.,Assets/StreamingAssets/Data/micro_locations.json
discovery.micro_shell_crater.choice.avoid_crater,The ground is unstable. Walk around.,Der Boden ist instabil. Herumgehen.,Assets/StreamingAssets/Data/micro_locations.json
discovery.micro_field_kitchen.title,Abandoned Field Kitchen,Verlassene Feldküche,Assets/StreamingAssets/Data/micro_locations.json
discovery.micro_field_kitchen.description,"A massive cast-iron cooking pot is frozen solid to its metal stand. Bent ladles hang from rusted wire hooks. Hundreds of tally marks are gouged into the serving table, five bars to a group, tracking rations that eventually ran out.","Ein gewaltiger gusseiserner Kochtopf ist fest auf sein Metallgestell gefroren. Verbogene Schöpflöffel hängen an verrosteten Drauthaken. Hunderte Kerben sind in die Theke geritzt, fünf Striche pro Gruppe, Rationen nachzeichnend, die schließlich ausgingen.",Assets/StreamingAssets/Data/micro_locations.json
discovery.micro_field_kitchen.choice.search_kitchen,Search the kitchen area for preserved food or fuel.,Den Küchenbereich nach Konserviertem oder Brennstoff durchsuchen.,Assets/StreamingAssets/Data/micro_locations.json
discovery.micro_field_kitchen.choice.take_kitchen_tools,Take the ladles and cooking implements.,Die Schöpfkellen und Kochutensilien mitnehmen.,Assets/StreamingAssets/Data/micro_locations.json
discovery.micro_field_kitchen.choice.read_ration_marks,Read the ration marks scratched into the table.,Die Rationsstriche im Tisch lesen.,Assets/StreamingAssets/Data/micro_locations.json
discovery.micro_abandoned_generator.title,Abandoned Generator,Verlassener Generator,Assets/StreamingAssets/Data/micro_locations.json
discovery.micro_abandoned_generator.description,"The heavy generator casing is wrenched open, its primary power cables severed with surgical precision. A frantic fuel mixture ratio is scrawled in grease pencil on the frame. The heavy block is dead, but it could be salvaged.","Das schwere Generatorengehäuse ist aufgerissen, seine primären Stromkabel mit chirurgischer Präzision durchtrennt. Ein hektisches Kraftstoffmischungsverhältnis ist mit Fettstift auf den Rahmen gekritzelt. Der schwere Block ist tot, aber er wäre zu verwerten.",Assets/StreamingAssets/Data/micro_locations.json
discovery.micro_abandoned_generator.choice.strip_generator,Strip the generator for electrical components.,Dem Generator die elektrischen Bauteile entnehmen.,Assets/StreamingAssets/Data/micro_locations.json
discovery.micro_abandoned_generator.choice.read_generator_notes,Copy the fuel mixture notes from the frame.,Die Mischungsnotizen vom Rahmen abschreiben.,Assets/StreamingAssets/Data/micro_locations.json
discovery.micro_abandoned_generator.choice.mark_generator,Mark the location for a future salvage team.,Den Ort für ein künftiges Bergungsteam markieren.,Assets/StreamingAssets/Data/micro_locations.json
discovery.micro_shrine.title,Roadside Shrine,Straßenrand-Schrein,Assets/StreamingAssets/Data/micro_locations.json
discovery.micro_shrine.description,"Tallow candles have burned down to stubs inside a rusted ration tin. Small offerings—screws, shiny pebbles, a bullet—sit beneath a faded cloth carefully knotted around the twisted guardrail.","Talgbrennkerzen sind in einer verrosteten Rationsdose zu Stummeln heruntergebrannt. Kleine Opfergaben (Schrauben, glänzende Kiesel, eine Patrone) liegen unter einem verblichenen Tuch, das sorgfältig um die verbogene Leitplanke geknotet ist.",Assets/StreamingAssets/Data/micro_locations.json
discovery.micro_shrine.choice.leave_shrine,Leave the shrine undisturbed.,Den Schrein unberührt lassen.,Assets/StreamingAssets/Data/micro_locations.json
discovery.micro_shrine.choice.take_shrine_offerings,Take the small offerings left beneath the cloth.,Die kleinen Opfergaben unter dem Tuch mitnehmen.,Assets/StreamingAssets/Data/micro_locations.json
discovery.micro_shrine.choice.add_shrine_offering,Leave a small offering of your own.,Eine eigene kleine Opfergabe dalassen.,Assets/StreamingAssets/Data/micro_locations.json
discovery.micro_emergency_cache.title,Emergency Cache,Notversteck,Assets/StreamingAssets/Data/micro_locations.json
discovery.micro_emergency_cache.description,"The rubber weather seal has cracked in the bitter cold, but the faded stencil is undeniable. Deep gouges show where someone tried to pry the heavy lock before abandoning it. It reads: CIVIL DEFENSE — EMERGENCY RATION CACHE.","Die Gummidichtungsleiste ist in der bitteren Kälte gerissen, doch die verblasste Schablone ist unübersehbar. Tiefe Kerben zeigen, wo jemand versucht hat, das schwere Schloss aufzuhebeln, bevor er es aufgab. Sie lautet: ZIVILSCHUTZ — NOTRATIONSLAGER.",Assets/StreamingAssets/Data/micro_locations.json
discovery.micro_emergency_cache.choice.open_cache,Force the cracked seal and open the cache.,Die rissige Dichtung aufbrechen und das Versteck öffnen.,Assets/StreamingAssets/Data/micro_locations.json
discovery.micro_emergency_cache.choice.leave_cache,Leave the cache sealed. Someone may need it more.,Das Versteck versiegelt lassen. Vielleicht braucht es jemand dringender.,Assets/StreamingAssets/Data/micro_locations.json
discovery.micro_observation_post.title,Military Observation Post,Militärischer Beobachtungsposten,Assets/StreamingAssets/Data/micro_locations.json
discovery.micro_observation_post.description,"A heavy optics mount still points silently toward the desolate crossing below. Frantic grid references and kill-counts are scrawled on the concrete wall, stopping abruptly mid-sentence. A single spent sniper cartridge sits on the frozen windowsill.",Eine schwere Optikhalterung weist noch immer lautlos auf die verlassene Kreuzung hinunter. Hektische Gitterkoordinaten und Abschusszahlen sind an die Betonwand gekritzelt und brechen mitten im Satz ab. Eine einzelne abgefeuerte Scharfschützenhülse liegt auf der gefrorenen Fensterbank.,Assets/StreamingAssets/Data/micro_locations.json
discovery.micro_observation_post.choice.search_observation_post,Search the post for optics or intelligence documents.,Den Posten nach Optiken oder Aufklärungsdokumenten durchsuchen.,Assets/StreamingAssets/Data/micro_locations.json
discovery.micro_observation_post.choice.read_grid_references,Copy the grid references and dates from the wall.,Die Gitterkoordinaten und Daten von der Wand abschreiben.,Assets/StreamingAssets/Data/micro_locations.json
discovery.micro_observation_post.choice.ignore_observation_post,The post has been stripped. Move on.,Der Posten wurde geplündert. Weitergehen.,Assets/StreamingAssets/Data/micro_locations.json
discovery.micro_abandoned_barricade.title,Abandoned Barricade,Verlassene Barrikade,Assets/StreamingAssets/Data/micro_locations.json
discovery.micro_abandoned_barricade.description,"Traffic arrows were repainted twice in different faction colors, marking shifting territories. A mummified corpse lies slumped behind the barrier, clutching a rusted lockbox. The sandbags have frozen into a solid, bullet-pocked wall.","Verkehrspfeile wurden zweimal in verschiedenen Fraktionsfarben übermalt und markierten wechselnde Territorien. Eine mumifizierte Leiche liegt zusammengesunken hinter der Sperre und umklammert eine verrostete Kassette. Die Sandsäcke sind zu einer massiven, kugeldurchsiebten Wand gefroren.",Assets/StreamingAssets/Data/micro_locations.json
discovery.micro_abandoned_barricade.choice.search_barricade,Search the barricade for supplies left behind.,Die Barrikade nach zurückgelassenen Vorräten durchsuchen.,Assets/StreamingAssets/Data/micro_locations.json
discovery.micro_abandoned_barricade.choice.read_barricade_markings,Examine the faction markings on the barricade.,Die Fraktionsmarkierungen an der Barrikade untersuchen.,Assets/StreamingAssets/Data/micro_locations.json
discovery.micro_abandoned_barricade.choice.avoid_barricade,Circle around. The body suggests this was not a safe place.,"Weiträumig umgehen. Die Leiche deutet darauf hin, dass dies kein sicherer Ort war.",Assets/StreamingAssets/Data/micro_locations.json
discovery.micro_hunting_blind.title,Hunting Blind,Hochsitz,Assets/StreamingAssets/Data/micro_locations.json
discovery.micro_hunting_blind.description,"Half of the camouflage blind has collapsed under the weight of radioactive ash. An empty thermos, scattered brass casings, and a cloth-wrapped journal lie abandoned under the bench. The damp pages chronicle a hunt that went terribly wrong.","Die Hälfte des Tarnansitzes ist unter dem Gewicht radioaktiver Asche eingestürzt. Ein leerer Thermosbehälter, verstreute Messinghülsen und ein in Stoff gewickeltes Tagebuch liegen verlassen unter der Bank. Die feuchten Seiten schildern eine Jagd, die furchtbar schiefging.",Assets/StreamingAssets/Data/micro_locations.json
discovery.micro_hunting_blind.choice.search_blind,Search the blind for hunting supplies.,Den Ansitz nach Jagdutensilien durchsuchen.,Assets/StreamingAssets/Data/micro_locations.json
discovery.micro_hunting_blind.choice.read_blind_journal,Read the damp journal.,Das feuchte Tagebuch lesen.,Assets/StreamingAssets/Data/micro_locations.json
discovery.micro_hunting_blind.choice.leave_blind,Leave the blind as you found it.,"Den Ansitz so verlassen, wie er vorgefunden wurde.",Assets/StreamingAssets/Data/micro_locations.json
discovery.micro_radio_tower.title,Damaged Radio Tower,Beschädigter Funkturm,Assets/StreamingAssets/Data/micro_locations.json
discovery.micro_radio_tower.description,"The towering mast has buckled, its twisted steel groaning in the wind. A single intact feed line snakes into a heavy, locked utility cabinet at the base. The metal door is scarred with deep claw marks.","Der gewaltige Mast ist geknickt, sein verdrehter Stahl stöhnt im Wind. Eine einzige unversehrte Speiseleitung schlängelt sich in einen schweren, verschlossenen Verteilerschrank am Fuß. Die Metalltür ist von tiefen Krallenrissen vernarbt.",Assets/StreamingAssets/Data/micro_locations.json
discovery.micro_radio_tower.choice.open_radio_cabinet,Force the cabinet open and salvage the components.,Den Schrank aufbrechen und die Bauteile bergen.,Assets/StreamingAssets/Data/micro_locations.json
discovery.micro_radio_tower.choice.read_radio_log,Check the cabinet for a frequency log or maintenance record.,Den Schrank nach Frequenzliste oder Wartungsprotokoll durchsuchen.,Assets/StreamingAssets/Data/micro_locations.json
discovery.micro_radio_tower.choice.ignore_radio,The tower is beyond repair. Move on.,Der Turm ist nicht mehr zu reparieren. Weitergehen.,Assets/StreamingAssets/Data/micro_locations.json
discovery.micro_destroyed_checkpoint.title,Destroyed Checkpoint,Zerstörter Kontrollpunkt,Assets/StreamingAssets/Data/micro_locations.json
discovery.micro_destroyed_checkpoint.description,"Heavy concrete barriers are scorched black on the side facing the bunker, suggesting whatever attacked came from within. A blood-spattered logbook is pinned beneath a collapsed steel chair. The faction identity plate has been violently torn away.","Schwere Betonsperren sind auf der dem Bunker zugewandten Seite schwarz verkohlt, was darauf hindeutet, dass der Angriff von innen kam. Ein blutbespritztes Logbuch ist unter einem zusammengeklappten Stahlstuhl eingeklemmt. Das Fraktionskennzeichen ist gewaltsam abgerissen.",Assets/StreamingAssets/Data/micro_locations.json
discovery.micro_destroyed_checkpoint.choice.search_checkpoint,Search the checkpoint for confiscated goods or supplies.,Den Kontrollpunkt nach beschlagnahmten Waren oder Vorräten durchsuchen.,Assets/StreamingAssets/Data/micro_locations.json
discovery.micro_destroyed_checkpoint.choice.read_checkpoint_log,Read the logbook beneath the chair.,Das Logbuch unter dem Stuhl lesen.,Assets/StreamingAssets/Data/micro_locations.json
discovery.micro_destroyed_checkpoint.choice.avoid_checkpoint,The destruction suggests heavy fighting. Keep moving.,Die Zerstörung deutet auf schwere Kämpfe hin. Weitergehen.,Assets/StreamingAssets/Data/micro_locations.json
discovery.micro_abandoned_tent.title,Abandoned Tent,Verlassenes Zelt,Assets/StreamingAssets/Data/micro_locations.json
discovery.micro_abandoned_tent.description,"The military-grade fabric has collapsed under the weight of grey snow. Inside, nested tin cups sit beside a child's crayon drawing, meticulously preserved in a plastic sleeve. The tent's zipper is frozen shut from the inside.","Der Militärstoff ist unter dem Gewicht grauen Schnees zusammengestürzt. Drinnen stehen ineinander gestapelte Blechbecher neben einer Wachsmalzeichnung eines Kindes, penibel in einer Plastikhülle bewahrt. Der Reißverschluss des Zelts ist von innen zugefroren.",Assets/StreamingAssets/Data/micro_locations.json
discovery.micro_abandoned_tent.choice.search_tent,Cut open the tent and search for supplies.,Das Zelt aufschneiden und nach Vorräten suchen.,Assets/StreamingAssets/Data/micro_locations.json
discovery.micro_abandoned_tent.choice.take_drawing,Take the child's drawing from the plastic sleeve.,Die Zeichnung des Kindes aus der Plastikhülle nehmen.,Assets/StreamingAssets/Data/micro_locations.json
discovery.micro_abandoned_tent.choice.leave_tent,Leave the tent undisturbed.,Das Zelt unberührt lassen.,Assets/StreamingAssets/Data/micro_locations.json
discovery.micro_makeshift_clinic.title,Makeshift Clinic,Behelfskrankenstation,Assets/StreamingAssets/Data/micro_locations.json
discovery.micro_makeshift_clinic.description,"Desperate triage categories are scrawled in blood on torn cardboard strips. Empty, frozen saline bags hang from a rusted IV cable. The medicine cabinet was ransacked—some shelves stripped bare while others were ignored entirely.","Verzweifelte Triagekategorien sind in Blut auf zerrissenen Kartonstreifen gekritzelt. Leere, gefrorene Kochsalzbeutel hängen an einem verrosteten Infusionskabel. Der Medikamentenschrank wurde geplündert; einige Regale leergeräumt, andere vollständig ignoriert.",Assets/StreamingAssets/Data/micro_locations.json
discovery.micro_makeshift_clinic.choice.search_clinic,Search the untouched shelves for medical supplies.,Die unberührten Regale nach medizinischen Vorräten durchsuchen.,Assets/StreamingAssets/Data/micro_locations.json
discovery.micro_makeshift_clinic.choice.read_triage_list,Read the triage numbers on the cardboard strips.,Die Triage-Ziffern auf den Kartonstreifen lesen.,Assets/StreamingAssets/Data/micro_locations.json
discovery.micro_makeshift_clinic.choice.leave_clinic,Leave the clinic intact. Others may need it.,Die Station unangetastet lassen. Andere könnten sie brauchen.,Assets/StreamingAssets/Data/micro_locations.json
discovery.micro_crashed_drone.title,Crashed Drone,Abgestürzte Drohne,Assets/StreamingAssets/Data/micro_locations.json
discovery.micro_crashed_drone.description,"One shattered wing is driven deep into the frozen earth. The outer casing was ripped open by scavengers, but the armored flight-control compartment remains sealed. Corrosive battery acid has burned a dark, hissing stain into the soil.","Ein zersplitterter Flügel steckt tief in der gefrorenen Erde. Die Außenhülle wurde von Plünderern aufgerissen, doch das gepanzerte Flugsteuerungsabteil bleibt versiegelt. Ätzende Batteriesäure hat einen dunklen, zischenden Fleck in den Boden gebrannt.",Assets/StreamingAssets/Data/micro_locations.json
discovery.micro_crashed_drone.choice.open_drone_compartment,Force open the flight-control compartment.,Das Flugsteuerungsabteil aufbrechen.,Assets/StreamingAssets/Data/micro_locations.json
discovery.micro_crashed_drone.choice.read_drone_log,Attempt to extract the flight log from the sealed compartment.,"Versuchen, das Flugprotokoll aus dem versiegelten Abteil zu ziehen.",Assets/StreamingAssets/Data/micro_locations.json
discovery.micro_crashed_drone.choice.avoid_drone,The battery acid suggests chemical risk. Leave it.,Die Batteriesäure deutet auf chemisches Risiko hin. Liegenlassen.,Assets/StreamingAssets/Data/micro_locations.json
discovery.micro_fuel_cache.title,Fuel Cache,Kraftstoffversteck,Assets/StreamingAssets/Data/micro_locations.json
discovery.micro_fuel_cache.description,"Two military drums are half-buried beneath a rusted sheet of corrugated metal. A desperate route map to a safe zone has been scratched into one lid with a nail. The drums are heavy, their tamper-seals unbroken.","Zwei Militärfässer liegen halb begraben unter einer verrosteten Wellblechplatte. Eine verzweifelte Routenkarte zu einer Sicherheitszone ist mit einem Nagel in einen Deckel geritzt. Die Fässer sind schwer, ihre Plomben unversehrt.",Assets/StreamingAssets/Data/micro_locations.json
discovery.micro_fuel_cache.choice.take_fuel_cache,Dig up the containers and take the fuel.,Die Behälter ausgraben und den Kraftstoff mitnehmen.,Assets/StreamingAssets/Data/micro_locations.json
discovery.micro_fuel_cache.choice.read_route_sketch,Copy the route sketch from the lid.,Die Skizze der Route vom Deckel abschreiben.,Assets/StreamingAssets/Data/micro_locations.json
discovery.micro_fuel_cache.choice.leave_fuel_cache,Leave the cache hidden. You may need it later.,Das Versteck versteckt lassen. Vielleicht brauchst du es später.,Assets/StreamingAssets/Data/micro_locations.json
discovery.micro_water_source.title,Water Source,Wasserstelle,Assets/StreamingAssets/Data/micro_locations.json
discovery.micro_water_source.description,"A dented tin cup is bound to the rusted hand pump with frayed wire, the concrete basin stained with heavy, unnatural mineral deposits. Someone wrote 'SAFE' in charcoal, alongside a date from five years ago. The pump handle still groans when moved.","Ein zerbeulter Blechbecher ist mit ausgefranstem Draht an die verrostete Handpumpe gebunden, das Betonbecken verfärbt von schweren, unnatürlichen Mineralablagerungen. Jemand schrieb mit Holzkohle 'SICHER', daneben ein Datum von vor fünf Jahren. Der Pumpenschwengel stöhnt noch immer, wenn man ihn bewegt.",Assets/StreamingAssets/Data/micro_locations.json
discovery.micro_water_source.choice.collect_water,Pump and collect water from the source.,Pumpen und Wasser aus der Stelle schöpfen.,Assets/StreamingAssets/Data/micro_locations.json
discovery.micro_water_source.choice.test_water,Test the water quality before collecting.,"Das Wasser testen, bevor du es abfüllst.",Assets/StreamingAssets/Data/micro_locations.json
discovery.micro_water_source.choice.avoid_water,The mineral staining is suspicious. Move on.,Die Mineralverfärbung ist verdächtig. Weitergehen.,Assets/StreamingAssets/Data/micro_locations.json
discovery.micro_supply_drop.title,Supply Drop,Versorgungsabwurf,Assets/StreamingAssets/Data/micro_locations.json
discovery.micro_supply_drop.description,"The faded military parachute is hopelessly tangled in the black, petrified branches of dead trees. The stenciled coordinates indicate it drifted miles off course. The reinforced crate is intact, but the heavy locking seal has been severed.","Der verblasste Militärfallschirm ist hoffnungslos in den schwarzen, versteinerten Ästen toter Bäume verheddert. Die aufgeschabten Koordinaten zeigen, dass er Meilen vom Kurs abgetrieben ist. Die verstärkte Kiste ist unversehrt, doch die schwere Versiegelung wurde durchtrennt.",Assets/StreamingAssets/Data/micro_locations.json
discovery.micro_supply_drop.choice.open_supply_drop,Open the crate and take what is inside.,Die Kiste öffnen und den Inhalt mitnehmen.,Assets/StreamingAssets/Data/micro_locations.json
discovery.micro_supply_drop.choice.read_supply_label,Read the shipping label for destination and origin information.,Das Versandetikett auf Bestimmungsort und Herkunft prüfen.,Assets/StreamingAssets/Data/micro_locations.json
discovery.micro_supply_drop.choice.leave_supply_drop,Leave the crate. It was meant for someone else.,Die Kiste liegenlassen. Sie war für jemand anderen bestimmt.,Assets/StreamingAssets/Data/micro_locations.json
discovery.micro_hospital_chapel_ledger.title,Hospital Chapel Ledger,Kapellenbuch des Hospitals,Assets/StreamingAssets/Data/micro_locations.json
discovery.micro_hospital_chapel_ledger.description,"The chapel beside the east wing kept a visitors' ledger through the worst of it. The last entries are names, then bed numbers, then nothing at all — just a date repeated down the page in a steady hand until the hand stopped coming. A candle box under the stand still has three stubs and a packet of matches.","Die Kapelle neben dem Ostflügel führte durch das Schlimmste ein Besucherbuch. Die letzten Einträge sind Namen, dann Bettnummern, dann gar nichts mehr — nur ein Datum, das sich in ruhiger Handschrift die Seite hinab wiederholt, bis die Hand ausblieb. Eine Kerzenkiste unter dem Ständer hat noch drei Stummel und ein Streichholzbriefchen.",Assets/StreamingAssets/Data/micro_locations.json
discovery.micro_hospital_chapel_ledger.choice.read_the_names,"Read the last page properly, then close the ledger.","Die letzte Seite würdig lesen, dann das Buch schließen.",Assets/StreamingAssets/Data/micro_locations.json
discovery.micro_hospital_chapel_ledger.choice.take_matches,Take the lighter from the candle box. The dead do not need light.,Das Feuerzeug aus der Kerzenkiste nehmen. Die Toten brauchen kein Licht.,Assets/StreamingAssets/Data/micro_locations.json
discovery.micro_depot_undertow_raft_line.title,Undertow Raft Line,Flößlinie des Sogs,Assets/StreamingAssets/Data/micro_locations.json
discovery.micro_depot_undertow_raft_line.description,"A raft of sealed crates lashed to a handrail runs down the flooded concourse, marked with the Undertow's tar-symbol. The line is rigged to a pulley someone greased recently. Whatever moves along it moves quietly, and often.","Ein Floß aus versiegelten Kisten, an ein Geländer gebunden, verläuft die überflutete Bahnhofshalle hinab, markiert mit dem Teersymbol des Sogs. Die Leine läuft über eine Rolle, die jemand kürzlich schmierte. Was auch immer sich auf ihr bewegt, bewegt sich leise, und oft.",Assets/StreamingAssets/Data/micro_locations.json
discovery.micro_depot_undertow_raft_line.choice.note_the_route,Mark the pulley anchors on your map and leave the line alone.,Die Rollenverankerungen auf der Karte markieren und die Leine in Ruhe lassen.,Assets/StreamingAssets/Data/micro_locations.json
discovery.micro_depot_undertow_raft_line.choice.cut_one_crate,Cut one crate free before the owners notice.,"Eine Kiste losschneiden, bevor die Besitzer es merken.",Assets/StreamingAssets/Data/micro_locations.json
discovery.micro_gamma_levy_board.title,Checkpoint Gamma Levy Board,Abgabentafel des Kontrollpunkts Gamma,Assets/StreamingAssets/Data/micro_locations.json
discovery.micro_gamma_levy_board.description,"The garrison's levy board still stands by the guard shack: grain quotas, diesel quotas, and the names of households marked square for paid and circle for owed. Fresh chalk over old chalk. Somebody drives here to write, which means somebody still collects.","Die Abgabentafel der Garnison steht noch immer an der Wachbude: Getreidequoten, Dieselquoten und die Namen von Haushalten, mit Quadrat für bezahlt und Kreis für geschuldet. Frische Kreide über alter Kreide. Jemand fährt hierher zum Schreiben, also kassiert jemand noch immer.",Assets/StreamingAssets/Data/micro_locations.json
discovery.micro_gamma_levy_board.choice.memorize_the_board,Memorize which farms have paid and which are marked owed.,"Sich merken, welche Höfe bezahlt haben und welche als schuldend markiert sind.",Assets/StreamingAssets/Data/micro_locations.json
discovery.micro_gamma_levy_board.choice.take_the_chalk,Take the chalk and the board's rating stamp. Forged square marks might pass at a distance.,Die Kreide und den Bewertungsstempel der Tafel mitnehmen. Gefälschte Quadratzeichen könnten aus der Entfernung durchgehen.,Assets/StreamingAssets/Data/micro_locations.json
ui.common.close_short,CLOSE [Esc],SCHLIESSEN [Esc],src/UI/ResearchPanel.cs
research.title,RESEARCH & TECHNOLOGY // QUEUE,FORSCHUNG & TECHNOLOGIE // WARTESCHLANGE,src/UI/ResearchPanel.cs
research.card.title,RESEARCH & TECHNOLOGY,FORSCHUNG & TECHNOLOGIE,src/UI/ResearchPanel.cs
research.card.subtitle,R&D QUEUE · DISCOVERED KNOWLEDGE · BREAKTHROUGHS,F&E-WARTESCHLANGE · ENTDECKTES WISSEN · DURCHBRÜCHE,src/UI/ResearchPanel.cs
research.section.active,ACTIVE RESEARCH,AKTIVE FORSCHUNG,src/UI/ResearchPanel.cs
research.section.available,AVAILABLE RESEARCH,VERFÜGBARE FORSCHUNG,src/UI/ResearchPanel.cs
research.section.locked,LOCKED / UPCOMING RESEARCH,GESPERRTE / ANSTEHENDE FORSCHUNG,src/UI/ResearchPanel.cs
research.section.completed,COMPLETED RESEARCH,ABGESCHLOSSENE FORSCHUNG,src/UI/ResearchPanel.cs
research.section.knowledge,DISCOVERED KNOWLEDGE,ENTDECKTES WISSEN,src/UI/ResearchPanel.cs
research.status.ready,Ready.,Bereit.,src/UI/ResearchPanel.cs
research.status.offline,Offline — no research engine connected.,Offline — keine Forschungsinstanz verbunden.,src/UI/ResearchPanel.cs
research.status.active,Research system active. Day {0}.,Forschungssystem aktiv. Tag {0}.,src/UI/ResearchPanel.cs
research.progress,Progress: Day {0} of {1} ({2} days remaining),Fortschritt: Tag {0} von {1} ({2} Tage verbleiben),src/UI/ResearchPanel.cs
research.breakthrough_award,Breakthrough Award: {0},Durchbruch-Belohnung: {0},src/UI/ResearchPanel.cs
research.breakthrough,Breakthrough: {0},Durchbruch: {0},src/UI/ResearchPanel.cs
research.node.summary,{0} [{1}] — {2} days,{0} [{1}] — {2} Tage,src/UI/ResearchPanel.cs
research.action.start,START RESEARCH,FORSCHUNG STARTEN,src/UI/ResearchPanel.cs
research.empty.available_busy,No other research available (queue slot occupied or all unlocked).,Keine weitere Forschung verfügbar (Warteschlange belegt oder alles freigeschaltet).,src/UI/ResearchPanel.cs
research.empty.available,No research available to start.,Keine Forschung zum Starten verfügbar.,src/UI/ResearchPanel.cs
research.empty.locked,No locked research nodes remaining.,Keine gesperrten Forschungsknoten verbleiben.,src/UI/ResearchPanel.cs
research.requirements,Requires: {0},Benötigt: {0},src/UI/ResearchPanel.cs
research.locked.prerequisites,Locked: prerequisites incomplete,Gesperrt: Voraussetzungen fehlen,src/UI/ResearchPanel.cs
research.empty.completed,No completed research.,Keine Forschung abgeschlossen.,src/UI/ResearchPanel.cs
research.completed,{0} [{1}] — Complete,{0} [{1}] — Abgeschlossen,src/UI/ResearchPanel.cs
research.completed.breakthrough,(Breakthrough: {0}),(Durchbruch: {0}),src/UI/ResearchPanel.cs
research.empty.knowledge,No knowledge unlocked yet.,Noch kein Wissen freigeschaltet.,src/UI/ResearchPanel.cs
research.knowledge.row,{0} — {1},{0} — {1},src/UI/ResearchPanel.cs
onboarding.title,FIRST-HOUR OBJECTIVE,ZIEL DER ERSTEN STUNDE,src/UI/OnboardingHintPanel.cs
onboarding.status.offline,GUIDANCE UNAVAILABLE,HILFE NICHT VERFÜGBAR,src/UI/OnboardingHintPanel.cs
onboarding.status.booting,Reading the day's objective.,Liest das Tagesziel.,src/UI/OnboardingHintPanel.cs
onboarding.status.complete,JOURNEY COMPLETE,WEG ABGESCHLOSSEN,src/UI/OnboardingHintPanel.cs
onboarding.status.current,CURRENT: {0},AKTUELL: {0},src/UI/OnboardingHintPanel.cs
onboarding.status.day_two,Day 2. The shelter is yours to run.,Tag 2. Der Bunker liegt in deiner Hand.,src/UI/OnboardingHintPanel.cs
onboarding.status.first_hour_complete,The first-hour sequence is complete. The shelter is yours to manage.,Die Sequenz der ersten Stunde ist abgeschlossen. Der Bunker liegt in deiner Hand.,src/UI/OnboardingHintPanel.cs
onboarding.status.disabled,ONBOARDING DISABLED — veteran mode is active.,ONBOARDING DEAKTIVIERT — Veteranenmodus ist aktiv.,src/Main.PlayerSurfaces.cs
onboarding.status.inactive,Onboarding is not active for this run.,Onboarding ist für diesen Durchlauf nicht aktiv.,src/UI/OnboardingHintPanel.cs
onboarding.status.bar,Day {0} · {1} (onboarding): {2},Tag {0} · {1} (Onboarding): {2},src/Main.Onboarding.cs
onboarding.assistance.minimal,ASSISTANCE: MINIMAL,HILFE: MINIMAL,src/UI/OnboardingHintPanel.cs
onboarding.assistance.standard,ASSISTANCE: STANDARD,HILFE: STANDARD,src/UI/OnboardingHintPanel.cs
onboarding.assistance.guided,ASSISTANCE: GUIDED,HILFE: GEFÜHRT,src/UI/OnboardingHintPanel.cs
onboarding.action.show_where,SHOW ME WHERE,ZEIG MIR DEN WEG,src/UI/OnboardingHintPanel.cs
onboarding.action.skip,SKIP STEP,SCHRITT ÜBERSPRINGEN,src/UI/OnboardingHintPanel.cs
onboarding.action.dismiss,DISMISS HINT,HINWEIS AUSBLENDEN,src/UI/OnboardingHintPanel.cs
onboarding.action.replay,REPLAY,ERNEUT STARTEN,src/UI/OnboardingHintPanel.cs
onboarding.checklist.title,JOURNEY CHECKLIST,WEG-CHECKLISTE,src/UI/OnboardingHintPanel.cs
onboarding.hint.empty,NO HINT YET,NOCH KEIN HINWEIS,src/UI/OnboardingHintPanel.cs
onboarding.hint.prefix,HINT:,HINWEIS:,src/UI/OnboardingHintPanel.cs
onboarding.hint.dismissed,HINT: (dismissed),HINWEIS: (ausgeblendet),src/UI/OnboardingHintPanel.cs
onboarding.tooltip.tracker,First-hour checklist. Progress is kept with the save.,Checkliste der ersten Stunde. Der Fortschritt bleibt im Spielstand.,src/UI/OnboardingHintPanel.cs
onboarding.tooltip.close,Close the onboarding hint panel. Your progress is preserved.,Onboarding-Hinweis schließen. Dein Fortschritt bleibt erhalten.,src/UI/OnboardingHintPanel.cs
onboarding.tooltip.assistance,How much guidance each step shows. Toggle with the button below.,Wie viel Hilfe jeder Schritt zeigt. Unten umschalten.,src/UI/OnboardingHintPanel.cs
onboarding.tooltip.objective,Exactly what is required to complete this onboarding step.,Was genau zum Abschluss dieses Onboarding-Schritts erforderlich ist.,src/UI/OnboardingHintPanel.cs
onboarding.tooltip.hint,A short hint if you stall on this step.,"Ein kurzer Hinweis, wenn du bei diesem Schritt feststeckst.",src/UI/OnboardingHintPanel.cs
onboarding.tooltip.show_where,Open the panel this step needs.,Das Panel für diesen Schritt öffnen.,src/UI/OnboardingHintPanel.cs
onboarding.tooltip.skip,Mark this step known and move on. Real actions are still yours to take when ready.,Diesen Schritt als bekannt markieren und weitergehen.,src/UI/OnboardingHintPanel.cs
onboarding.tooltip.dismiss,Hide the contextual hint for this step until you advance.,Diesen Hinweis bis zum nächsten Schritt ausblenden.,src/UI/OnboardingHintPanel.cs
onboarding.tooltip.assistance_cycle,"Cycle between MINIMAL (objective only) and STANDARD (with hints).","Zwischen MINIMAL (nur Ziel) und STANDARD (mit Hinweisen) wechseln.",src/UI/OnboardingHintPanel.cs
onboarding.tooltip.replay,Restart the onboarding hints from Day 1 (does not undo gameplay).,Onboarding-Hinweise ab Tag 1 neu starten (ändert das Spiel nicht).,src/UI/OnboardingHintPanel.cs
onboarding.protocol.title,Resolve the Day 1 protocol,Das Protokoll von Tag 1 abarbeiten,src/UI/OnboardingHintPanel.cs
onboarding.protocol.objective,"Handle rationing, maintenance, then radio. Each choice costs something.","Rationen, Wartung und Funk abarbeiten. Jede Wahl kostet.",src/UI/OnboardingHintPanel.cs
onboarding.inspect.title,Inspect three bunker rooms,Drei Bunkerräume prüfen,src/UI/OnboardingHintPanel.cs
onboarding.inspect.objective,Open the shelter and inspect rooms until three have confirming notes.,"Unterkunft öffnen und Räume prüfen, bis drei bestätigende Notizen vorliegen.",src/UI/OnboardingHintPanel.cs
onboarding.rationing.title,Open the stores and read them,Lager öffnen und prüfen,src/UI/OnboardingHintPanel.cs
onboarding.rationing.objective,Open the inventory and look at the food and water you are rationing.,Inventar öffnen und die rationierten Vorräte prüfen.,src/UI/OnboardingHintPanel.cs
onboarding.assignment.title,Assign a survivor to a duty,Einen Überlebenden einteilen,src/UI/OnboardingHintPanel.cs
onboarding.assignment.objective,Open the duty roster and assign one survivor to a shift. Survivors cannot work without one.,Dienstplan öffnen und einen Überlebenden einer Schicht zuweisen.,src/UI/OnboardingHintPanel.cs
onboarding.weather.title,Read the weather,Wetter lesen,src/UI/OnboardingHintPanel.cs
onboarding.weather.objective,Open the weather forecast or panel to learn what tomorrow will bring.,"Wettervorhersage öffnen und sehen, was morgen kommt.",src/UI/OnboardingHintPanel.cs
onboarding.inventory_use.title,Use an item from the stores,Einen Gegenstand aus dem Lager verwenden,src/UI/OnboardingHintPanel.cs
onboarding.inventory_use.objective,"Equip protection, or use something from stores.",Schutzausrüstung anlegen oder etwas aus dem Lager verbrauchen.,src/UI/OnboardingHintPanel.cs
onboarding.day_advance.title,End Day 1,Tag 1 beenden,src/UI/OnboardingHintPanel.cs
onboarding.day_advance.objective,Confirm Advance Day. Morning briefing comes with Day 2.,Tag bestätigen. Die Morgenbesprechung kommt mit Tag 2.,src/UI/OnboardingHintPanel.cs
onboarding.water.title,Treat the water,Wasser aufbereiten,src/UI/OnboardingHintPanel.cs
onboarding.water.objective,Start a water-treatment batch. Untreated water stays unsafe.,Einen Wasseraufbereitungszyklus starten. Unbehandeltes Wasser bleibt unsicher.,src/UI/OnboardingHintPanel.cs
onboarding.power.title,Restore power,Strom wiederherstellen,src/UI/OnboardingHintPanel.cs
onboarding.power.objective,Throw a shelter breaker and watch the grid change.,Einen Bunkerschalter umlegen und die Änderung im Netz sehen.,src/UI/OnboardingHintPanel.cs
onboarding.food.title,Use a food ration,Nahrungsration verwenden,src/UI/OnboardingHintPanel.cs
onboarding.food.objective,Eat a food ration from stores.,Eine Nahrungsration aus den Vorräten verbrauchen.,src/UI/OnboardingHintPanel.cs
onboarding.duty.title,Put someone on shift,Eine Schicht besetzen,src/UI/OnboardingHintPanel.cs
onboarding.duty.objective,Open the duty roster and assign one survivor. Work does not happen by itself.,Dienstplan öffnen und einen Überlebenden zuweisen. Arbeit passiert nicht von allein.,src/UI/OnboardingHintPanel.cs
onboarding.dose.title,Read your dose,Deine Dosis lesen,src/UI/OnboardingHintPanel.cs
onboarding.dose.objective,Open the dose ledger or radiation detail. It accumulates quietly.,Dosisprotokoll oder Strahlungsdetail öffnen. Sie summiert sich leise.,src/UI/OnboardingHintPanel.cs
onboarding.research.title,Start research,Forschung starten,src/UI/OnboardingHintPanel.cs
onboarding.research.objective,Start one available research node. It takes days.,Einen verfügbaren Forschungsknoten starten. Das dauert Tage.,src/UI/OnboardingHintPanel.cs
onboarding.expedition.title,Dispatch an expedition,Expedition entsenden,src/UI/OnboardingHintPanel.cs
onboarding.expedition.objective,Send an expedition. They leave the hatch; the cost comes back with them.,Eine Expedition entsenden. Sie verlassen die Luke; die Kosten kommen mit ihnen zurück.,src/UI/OnboardingHintPanel.cs
onboarding.hint.protocol,"Pick ration, maintenance, and radio. The bunker stores adjust around your choices.","Rationen, Wartung und Funk wählen. Die Bunkervorräte richten sich danach.",src/UI/OnboardingHintPanel.cs
onboarding.hint.inspect,Inspect any three rooms — every confirming note is a fallback if the next storm cuts light.,"Drei Räume prüfen — jede Notiz hilft, wenn der nächste Sturm das Licht nimmt.",src/UI/OnboardingHintPanel.cs
onboarding.hint.rationing,Open the stores. Read the food and water you are rationing against.,Lager öffnen. Die rationierten Vorräte prüfen.,src/UI/OnboardingHintPanel.cs
onboarding.hint.assignment,Pull one survivor onto a duty from the Duty Roster. Their shifts move the bunker forward.,Einen Überlebenden im Dienstplan einteilen. Seine Schicht hält den Bunker in Bewegung.,src/UI/OnboardingHintPanel.cs
onboarding.hint.weather,Read the forecast before you end the day — fallout storms change outdoor rad.,Vor Tagesende die Vorhersage lesen — Falloutstürme verändern die Außenstrahlung.,src/UI/OnboardingHintPanel.cs
onboarding.hint.inventory,Equip something real. The geiger or gas mask only protects the hands that wear them.,"Etwas Echtes ausrüsten. Geigerzähler und Maske schützen nur, wer sie trägt.",src/UI/OnboardingHintPanel.cs
onboarding.hint.day_advance,Confirm the advance. The morning briefing returns once Day 2 lands.,Vormarsch bestätigen. Die Morgenbesprechung kehrt an Tag 2 zurück.,src/UI/OnboardingHintPanel.cs
onboarding.hint.water,Start a treatment batch at the water plant. The stores only change if a batch actually runs.,"Einen Aufbereitungszyklus in der Wasseranlage starten. Die Vorräte ändern sich nur, wenn ein Zyklus wirklich läuft.",src/UI/OnboardingHintPanel.cs
onboarding.hint.power,Open the grid and throw one breaker. Watch the rooms change.,Netz öffnen und einen Schalter umlegen. Die Räume beobachten.,src/UI/OnboardingHintPanel.cs
onboarding.hint.food,Eat one ration from stores. The count should drop.,Eine Nahrungsration aus den Vorräten essen. Der Bestand sollte sinken.,src/UI/OnboardingHintPanel.cs
onboarding.hint.duty,Open the Duty Roster and put one survivor on a shift. Nothing in the shelter runs itself.,Dienstplan öffnen und einen Überlebenden auf eine Schicht legen. Nichts im Bunker läuft von allein.,src/UI/OnboardingHintPanel.cs
onboarding.hint.dose,Open the dose ledger before the day ends. The number only moves one way.,Vor Tagesende das Dosisprotokoll öffnen. Die Zahl bewegt sich nur in eine Richtung.,src/UI/OnboardingHintPanel.cs
onboarding.hint.research,Start an available research node. It appears in the queue.,Einen verfügbaren Forschungsknoten starten. Er erscheint in der Warteschlange.,src/UI/OnboardingHintPanel.cs
onboarding.hint.expedition,Send a team with the expedition command. They leave the shelter.,Ein Team mit dem Expeditionsbefehl entsenden. Sie verlassen den Bunker.,src/UI/OnboardingHintPanel.cs
wildlife.trap.trap_snare.name,Wire Snare,Drahtschlinge,Assets/StreamingAssets/Data/wildlife_trapping_catalog.json
wildlife.trap.trap_snare.description,"A loop of cord or wire set across a game trail, tightened by a springy branch. Cheap enough to deploy more than one, unreliable enough that materials still matter. The wire remembers the shape of the animal it was meant to hold.","Eine Schnur- oder Drahtschlinge über einem Wildwechsel. Billig genug für mehrere Versuche, unzuverlässig genug, dass Material zählt.",Assets/StreamingAssets/Data/wildlife_trapping_catalog.json
wildlife.trap.trap_deadfall.name,Deadfall Trap,Steinfallfalle,Assets/StreamingAssets/Data/wildlife_trapping_catalog.json
wildlife.trap.trap_deadfall.description,"A flat stone or salvaged plate balanced on a trigger stick. Low-tech, material-light, and as old as hunger. The trigger is the hard part. The rest is weight and patience.","Eine flache Platte auf einem Auslöser. Einfach, materialarm und so alt wie der Hunger.",Assets/StreamingAssets/Data/wildlife_trapping_catalog.json
wildlife.trap.trap_pit.name,Pit Trap,Grubenfalle,Assets/StreamingAssets/Data/wildlife_trapping_catalog.json
wildlife.trap.trap_pit.description,"A concealed pit dug into a game trail, lined with sharpened stakes. Labor-heavy, location-dependent, and capable of stopping something large. The earth does the work. The survivor does the digging.","Eine verborgene Grube an einem Wildwechsel. Arbeitsintensiv, ortsgebunden und stark genug für große Beute.",Assets/StreamingAssets/Data/wildlife_trapping_catalog.json
wildlife.trap.trap_net.name,Net Trap,Netzfalle,Assets/StreamingAssets/Data/wildlife_trapping_catalog.json
wildlife.trap.trap_net.description,"A mesh of cord or salvaged netting strung between posts or branches. Broader coverage than a snare, higher upfront cost, and more things can go wrong. Birds and small mammals both tangle in it.","Ein Netz zwischen Pfosten oder Ästen. Größere Abdeckung als eine Schlinge, aber teurer und fehleranfälliger.",Assets/StreamingAssets/Data/wildlife_trapping_catalog.json
wildlife.trap.trap_fish.name,Fish Trap,Fischreuse,Assets/StreamingAssets/Data/wildlife_trapping_catalog.json
wildlife.trap.trap_fish.description,"A woven funnel of wood and cord set in moving water. Fish enter but cannot find the exit. Strong where geography supports it, worthless where it does not. The freeze kills it. The thaw brings it back.","Ein geflochtener Trichter in fließendem Wasser. Stark am richtigen Ort, nutzlos am falschen; Frost setzt ihn außer Betrieb.",Assets/StreamingAssets/Data/wildlife_trapping_catalog.json
wildlife.trap.trap_cage.name,Cage Trap,Käfigfalle,Assets/StreamingAssets/Data/wildlife_trapping_catalog.json
wildlife.trap.trap_cage.description,"A sprung cage of salvaged metal and wire, triggered by weight on a plate. Expensive to build, durable once built. The animal lives inside it, which is either a mercy or a problem depending on what caught.","Ein Käfig aus Altmetall und Draht, ausgelöst durch eine Trittplatte. Teuer, aber langlebig.",Assets/StreamingAssets/Data/wildlife_trapping_catalog.json
wildlife.trap.trap_bird_snare.name,Bird Snare,Vogelschlinge,Assets/StreamingAssets/Data/wildlife_trapping_catalog.json
wildlife.trap.trap_bird_snare.description,"A fine noose of thread or thin wire set on a perch stick. Lightweight, fast to deploy, and fragile. Frequent small calories with a health-risk shadow.","Eine feine Schlinge auf einem Sitzstab. Leicht, schnell gesetzt und zerbrechlich; kleine Kalorien mit gesundheitlichem Schatten.",Assets/StreamingAssets/Data/wildlife_trapping_catalog.json
wildlife.trap.trap_body_grip.name,Body-Grip Trap,Körperfalle,Assets/StreamingAssets/Data/wildlife_trapping_catalog.json
wildlife.trap.trap_body_grip.description,"A heavy spring-loaded mechanism that closes steel jaws on anything that passes through the frame. Efficient, durable, and severe. The misfire is as dangerous as the catch.","Ein schwerer Federmechanismus mit Stahlbacken. Wirksam und dauerhaft, aber ein Fehlgang ist so gefährlich wie der Fang.",Assets/StreamingAssets/Data/wildlife_trapping_catalog.json
wildlife.trap.trap_box.name,Box Trap,Kastenfalle,Assets/StreamingAssets/Data/wildlife_trapping_catalog.json
wildlife.trap.trap_box.description,"A wooden box with a gravity door, triggered by a treadle inside. Bulky, dependable, and shelter-craftable. The animal is alive when you check it, which is the point.","Eine Holzkiste mit Falltür und Trittbrett. Sperrig, zuverlässig und im Bunker herstellbar.",Assets/StreamingAssets/Data/wildlife_trapping_catalog.json
wildlife.trap.trap_improvised_wire.name,Improvised Wire Snare,Improvisierte Drahtschlinge,Assets/StreamingAssets/Data/wildlife_trapping_catalog.json
wildlife.trap.trap_improvised_wire.description,"A twist of copper wire shaped into a loose loop and pegged to the ground. The poorest survivor's option, better than doing nothing. It breaks often, catches little, and costs almost nothing to replace.","Gedrehter Kupferdraht als lockere, am Boden befestigte Schlinge. Bricht oft, fängt wenig und kostet fast nichts.",Assets/StreamingAssets/Data/wildlife_trapping_catalog.json
wildlife.prey.rabbit.name,Ash Rabbit,Aschekaninchen,Assets/StreamingAssets/Data/wildlife_trapping_catalog.json
wildlife.prey.rabbit.description,"A small grey-brown rabbit, lean from foraging in contaminated soil. Common enough to teach the trapping loop, modest enough to keep the survivor humble.","Ein kleines graubraunes Kaninchen, mager vom Fressen in verseuchter Erde.",Assets/StreamingAssets/Data/wildlife_trapping_catalog.json
wildlife.prey.cotton_hare.name,Cotton Hare,Weißhase,Assets/StreamingAssets/Data/wildlife_trapping_catalog.json
wildlife.prey.cotton_hare.description,"A larger hare with pale winter fur that darkens in the thaw. Faster and less common than the rabbit, with a slightly stronger yield.",Ein größerer Hase mit hellem Winterfell. Schneller und seltener als das Kaninchen.,Assets/StreamingAssets/Data/wildlife_trapping_catalog.json
wildlife.prey.deer.name,Wasteland Mule Deer,Ödland-Maultierhirsch,Assets/StreamingAssets/Data/wildlife_trapping_catalog.json
wildlife.prey.deer.description,"A gaunt mule deer, ribs showing through a dusty coat. Rare jackpot, never baseline passive food.","Ein ausgemergelter Maultierhirsch mit sichtbaren Rippen. Seltenes Glück, keine sichere Nahrung.",Assets/StreamingAssets/Data/wildlife_trapping_catalog.json
wildlife.prey.boar.name,Razorback Boar,Stachelrückenkeiler,Assets/StreamingAssets/Data/wildlife_trapping_catalog.json
wildlife.prey.boar.description,A heavy-bodied boar with a ridge of bristled hair along its spine. High-value but risky.,"Ein schwerer Keiler mit Borstenkamm. Wertvoll, aber riskant.",Assets/StreamingAssets/Data/wildlife_trapping_catalog.json
wildlife.prey.fox.name,Barren Fox,Ödlandfuchs,Assets/StreamingAssets/Data/wildlife_trapping_catalog.json
wildlife.prey.fox.description,"A lean fox with patchy fur and alert eyes. Uncommon, with elevated disease risk.",Ein magerer Fuchs mit fleckigem Fell und erhöhtem Krankheitsrisiko.,Assets/StreamingAssets/Data/wildlife_trapping_catalog.json
wildlife.prey.rat.name,Irradiated Rat,Bestrahlte Ratte,Assets/StreamingAssets/Data/wildlife_trapping_catalog.json
wildlife.prey.rat.description,"A bloated rat with thinning fur, common near ruins and shelter edges. Desperate food — low yield and dangerous in normal play.","Eine aufgeblähte Ratte an Ruinen und Bunkerrändern. Nahrung aus Verzweiflung, mit geringem Ertrag und hohem Risiko.",Assets/StreamingAssets/Data/wildlife_trapping_catalog.json
wildlife.prey.pheasant.name,Ash Pheasant,Aschefasan,Assets/StreamingAssets/Data/wildlife_trapping_catalog.json
wildlife.prey.pheasant.description,"A ground-feeding bird with dull plumage, common in the thaw and bloom. Low yield and higher contamination than rabbit.",Ein bodenfressender Vogel mit stumpfem Gefieder. Geringer Ertrag und stärker belastet als Kaninchen.,Assets/StreamingAssets/Data/wildlife_trapping_catalog.json
wildlife.prey.ash_crow.name,Three-Eyed Sentry Crow,Dreiäugige Wachkrähe,Assets/StreamingAssets/Data/wildlife_trapping_catalog.json
wildlife.prey.ash_crow.description,"A scavenger bird associated with contaminated ground and corpse-rich environments. Low food yield, higher contamination risk.","Ein Aasvogel verseuchter Böden und leichenreicher Orte. Wenig Nahrung, hohes Kontaminationsrisiko.",Assets/StreamingAssets/Data/wildlife_trapping_catalog.json
wildlife.prey.mirror_carp.name,Mirror Carp,Spiegelkarpfen,Assets/StreamingAssets/Data/wildlife_trapping_catalog.json
wildlife.prey.mirror_carp.description,"A large-scaled carp, reliable in moving water. Seasonal and modest in yield.","Ein großschuppiger Karpfen, zuverlässig in fließendem Wasser. Saisonal und mit mäßigem Ertrag.",Assets/StreamingAssets/Data/wildlife_trapping_catalog.json
wildlife.prey.ash_pike.name,Ash Pike,Aschehecht,Assets/StreamingAssets/Data/wildlife_trapping_catalog.json
wildlife.prey.ash_pike.description,"A predatory freshwater fish, rarer and larger than the carp. Water only, seasonal window.","Ein räuberischer Süßwasserfisch, seltener und größer als der Karpfen. Nur im Wasser und saisonal.",Assets/StreamingAssets/Data/wildlife_trapping_catalog.json
wildlife.prey.irradiated_squirrel.name,Irradiated Squirrel,Bestrahltes Eichhörnchen,Assets/StreamingAssets/Data/wildlife_trapping_catalog.json
wildlife.prey.irradiated_squirrel.description,A small rodent with patchy fur and swollen glands. Low yield and very high contamination probability.,"Ein kleines Nagetier mit fleckigem Fell und geschwollenen Drüsen. Geringer Ertrag, sehr hohe Kontamination.",Assets/StreamingAssets/Data/wildlife_trapping_catalog.json
wildlife.prey.contaminated_fowl.name,Contaminated Fowl,Verseuchtes Geflügel,Assets/StreamingAssets/Data/wildlife_trapping_catalog.json
wildlife.prey.contaminated_fowl.description,"A bird with discolored plumage and labored breathing, a visible ecological warning sign. Medically risky.",Ein Vogel mit verfärbtem Gefieder und schwerer Atmung — ein sichtbares Warnzeichen. Medizinisch riskant.,Assets/StreamingAssets/Data/wildlife_trapping_catalog.json
wildlife.prey.rad_dog.name,Rad Dog,Strahlenhund,Assets/StreamingAssets/Data/wildlife_trapping_catalog.json
wildlife.prey.rad_dog.description,"A feral canine with patchy fur and wary eyes, traveling in small packs. Rare, morally and medically fraught.","Ein verwilderter Hund mit fleckigem Fell und wachsamen Augen. Selten, moralisch und medizinisch belastet.",Assets/StreamingAssets/Data/wildlife_trapping_catalog.json
wildlife.prey.muskrat.name,Marsh Muskrat,Sumpfbisam,Assets/StreamingAssets/Data/wildlife_trapping_catalog.json
wildlife.prey.muskrat.description,A semi-aquatic rodent found near waterways and wetlands. Medium yield and meaningful disease risk.,"Ein halb-aquatisches Nagetier an Wasserläufen und Feuchtgebieten. Mittlerer Ertrag, relevantes Krankheitsrisiko.",Assets/StreamingAssets/Data/wildlife_trapping_catalog.json
wildlife.prey.hedgehog.name,Ash Hedgehog,Ascheigel,Assets/StreamingAssets/Data/wildlife_trapping_catalog.json
wildlife.prey.hedgehog.description,"A small spined mammal, seasonal and low-yield. A deadfall or box trap target.","Ein kleines stacheliges Säugetier, saisonal und ertragsarm. Ziel für Stein- oder Kastenfallen.",Assets/StreamingAssets/Data/wildlife_trapping_catalog.json
wildlife.bait.bait_scrap_meat.name,Scrap-Meat Bait,Restfleischköder,Assets/StreamingAssets/Data/wildlife_trapping_catalog.json
wildlife.bait.bait_grain_lure.name,Grain Lure,Getreidelockstoff,Assets/StreamingAssets/Data/wildlife_trapping_catalog.json
wildlife.bait.bait_pheromone.name,Mutated-Beast Pheromone Lure,Pheromonlockstoff,Assets/StreamingAssets/Data/wildlife_trapping_catalog.json
wildlife.bait.bait_fat_cake.name,Rendered Fat Cake,Schmalzkuchen,Assets/StreamingAssets/Data/wildlife_trapping_catalog.json
wildlife.bait.bait_berry_mash.name,Fermented Berry Mash,Beerenmaische,Assets/StreamingAssets/Data/wildlife_trapping_catalog.json
wildlife.bait.bait_salt_lick.name,Mineral Salt Lick,Mineralsalzleckstein,Assets/StreamingAssets/Data/wildlife_trapping_catalog.json
wildlife.trapping.first_snare.title,The First Snare,Die erste Schlinge,src/UI/TutorialPanel.cs
wildlife.trapping.first_snare.body,"Make or find a trap, set it on a valid site, and bait it if you can spare the food. Check it later, then butcher a catch. Wild prey can carry sickness or contamination.","Finde oder fertige eine Falle, setze sie an einem gültigen Ort, und ködere sie wenn möglich. Prüfe sie später und zerlege den Fang; Wildtiere können Krankheiten oder Kontamination tragen.",src/UI/TutorialPanel.cs
wildlife.trapping.wear_out.title,Traps Wear Out,Fallen verschleißen,src/UI/TutorialPanel.cs
wildlife.trapping.wear_out.body,Traps wear as they work. A broken trap stops catching but stays on the map. Repair it or replace it.,"Fallen verschleißen bei der Arbeit. Eine kaputte Falle fängt nichts mehr, bleibt aber auf der Karte. Repariere oder ersetze sie.",src/UI/TutorialPanel.cs
wildlife.trapping.bycatch.title,Unexpected Catches,Unerwartete Fänge,src/UI/TutorialPanel.cs
wildlife.trapping.bycatch.body,"A trap can catch something unintended. Inspect catches before processing: bycatch may help, hurt, or carry disease or contamination.","Eine Falle kann etwas Unerwartetes fangen. Prüfe den Fang vor der Verarbeitung: Beifang kann helfen, schaden oder Krankheit und Kontamination tragen.",src/UI/TutorialPanel.cs
ui.tooltip.prerequisites_unmet,Currently unavailable — prerequisites not met.,Derzeit nicht verfügbar – Voraussetzungen nicht erfüllt.,src/UI/AshfallUiTheme.cs
ui.devinspector.export_report_tooltip,"Write a read-only JSON coverage report to user:// listing every authored id whose art does not resolve.","Schreibt einen schreibgeschützten JSON-Abdeckungsbericht nach user:// mit jeder Autoren-ID, deren Grafik nicht aufgelöst wird.",src/UI/AssetInspectorPanel.cs
ui.devinspector.close_tooltip,Return to the grid (Esc),Zurück zum Raster (Esc),src/UI/AssetInspectorPanel.cs
ui.expedition.estimate_tooltip,"Show fuel, dose, breakdown, and encounter estimates for this destination.","Zeigt Treibstoff-, Dosis-, Ausfall- und Begegnungsschätzungen für dieses Ziel.",src/UI/ExpeditionPanel.cs
ui.expedition.radar_tooltip,"Open the expedition radar sweep — every cataloged destination, danger band, and active sortie on one grid.","Öffnet die Radar-Abtastung der Expedition — jedes erfasste Ziel, jede Gefahrenstufe und jeder aktive Einsatz auf einem Raster.",src/UI/ExpeditionPanel.cs
ui.expedition.camp_tooltip,"Manage an expedition's overnight camp: firewood, rations, sentry shifts, and night segments.","Verwaltet das Nachtlager einer Expedition: Brennholz, Rationen, Wachen und Nachtabschnitte.",src/UI/ExpeditionPanel.cs
ui.inventory.capacity_placeholder,CAPACITY // —,KAPAZITÄT // —,src/UI/InventoryPanel.cs
ui.mainmenu.dev_run_tooltip,"Boot a fresh campaign and open the Item & Asset Inspector over it.","Startet eine neue Kampagne und öffnet darüber den Gegenstands- und Asset-Inspektor.",src/UI/MainMenuPanel.cs
ui.settings.close_tooltip,Close settings (Esc) — discards unsaved changes,Einstellungen schließen (Esc) – verwirft ungespeicherte Änderungen,src/UI/SettingsPanel.cs
ui.settings.visual_audio_alerts_tooltip,"Emit concise visual equivalents for critical audio cues (Plan 169).","Gibt knappe visuelle Entsprechungen für kritische Audiohinweise aus (Plan 169).",src/UI/SettingsPanel.cs
ui.research.atlas_tooltip,Research technology atlas — every project, tier, and unlock.,Forschungstechnologie-Atlas — jedes Projekt, jede Stufe und jede Freischaltung.,src/UI/ResearchPanel.cs
